file,line,type,commit,author,date,time,timezone,datetime,depth,length
style.css,1,css,d903d8cb,aarshiagupta,2025-04-11,19:25:46,-07:00,2025-04-11T19:25:46-07:00,0,5
style.css,2,css,d903d8cb,aarshiagupta,2025-04-11,19:25:46,-07:00,2025-04-11T19:25:46-07:00,1,31
style.css,3,css,d903d8cb,aarshiagupta,2025-04-11,19:25:46,-07:00,2025-04-11T19:25:46-07:00,0,0
style.css,4,css,d903d8cb,aarshiagupta,2025-04-11,19:25:46,-07:00,2025-04-11T19:25:46-07:00,0,0
style.css,5,css,d903d8cb,aarshiagupta,2025-04-11,19:25:46,-07:00,2025-04-11T19:25:46-07:00,0,4
style.css,6,css,d903d8cb,aarshiagupta,2025-04-11,19:25:46,-07:00,2025-04-11T19:25:46-07:00,1,32
style.css,7,css,8f5c760e,aarshiagupta,2025-04-18,18:37:02,-07:00,2025-04-18T18:37:02-07:00,1,23
style.css,8,css,d903d8cb,aarshiagupta,2025-04-11,19:25:46,-07:00,2025-04-11T19:25:46-07:00,0,0
style.css,9,css,d903d8cb,aarshiagupta,2025-04-11,19:25:46,-07:00,2025-04-11T19:25:46-07:00,0,0
style.css,10,css,5e5061e7,aarshiagupta,2025-04-04,21:11:08,-07:00,2025-04-04T21:11:08-07:00,0,4
style.css,11,css,d903d8cb,aarshiagupta,2025-04-11,19:25:46,-07:00,2025-04-11T19:25:46-07:00,1,23
style.css,12,css,d903d8cb,aarshiagupta,2025-04-11,19:25:46,-07:00,2025-04-11T19:25:46-07:00,1,15
style.css,13,css,d903d8cb,aarshiagupta,2025-04-11,19:25:46,-07:00,2025-04-11T19:25:46-07:00,1,42
style.css,14,css,d903d8cb,aarshiagupta,2025-04-11,19:25:46,-07:00,2025-04-11T19:25:46-07:00,1,18
style.css,15,css,d903d8cb,aarshiagupta,2025-04-11,19:25:46,-07:00,2025-04-11T19:25:46-07:00,0,0
style.css,16,css,d903d8cb,aarshiagupta,2025-04-11,19:25:46,-07:00,2025-04-11T19:25:46-07:00,0,0
style.css,17,css,d903d8cb,aarshiagupta,2025-04-11,19:25:46,-07:00,2025-04-11T19:25:46-07:00,0,14
style.css,18,css,d903d8cb,aarshiagupta,2025-04-11,19:25:46,-07:00,2025-04-11T19:25:46-07:00,1,16
style.css,19,css,d903d8cb,aarshiagupta,2025-04-11,19:25:46,-07:00,2025-04-11T19:25:46-07:00,0,0
style.css,20,css,d903d8cb,aarshiagupta,2025-04-11,19:25:46,-07:00,2025-04-11T19:25:46-07:00,0,0
style.css,21,css,d903d8cb,aarshiagupta,2025-04-11,19:25:46,-07:00,2025-04-11T19:25:46-07:00,0,3
style.css,22,css,d903d8cb,aarshiagupta,2025-04-11,19:25:46,-07:00,2025-04-11T19:25:46-07:00,1,12
style.css,23,css,8f5c760e,aarshiagupta,2025-04-18,18:37:02,-07:00,2025-04-18T18:37:02-07:00,1,39
style.css,24,css,8f5c760e,aarshiagupta,2025-04-18,18:37:02,-07:00,2025-04-18T18:37:02-07:00,1,43
style.css,25,css,d903d8cb,aarshiagupta,2025-04-11,19:25:46,-07:00,2025-04-11T19:25:46-07:00,1,17
style.css,26,css,d903d8cb,aarshiagupta,2025-04-11,19:25:46,-07:00,2025-04-11T19:25:46-07:00,0,0
style.css,27,css,d903d8cb,aarshiagupta,2025-04-11,19:25:46,-07:00,2025-04-11T19:25:46-07:00,0,0
style.css,28,css,d903d8cb,aarshiagupta,2025-04-11,19:25:46,-07:00,2025-04-11T19:25:46-07:00,0,5
style.css,29,css,d903d8cb,aarshiagupta,2025-04-11,19:25:46,-07:00,2025-04-11T19:25:46-07:00,1,6
style.css,30,css,d903d8cb,aarshiagupta,2025-04-11,19:25:46,-07:00,2025-04-11T19:25:46-07:00,1,17
style.css,31,css,d903d8cb,aarshiagupta,2025-04-11,19:25:46,-07:00,2025-04-11T19:25:46-07:00,1,20
style.css,32,css,d903d8cb,aarshiagupta,2025-04-11,19:25:46,-07:00,2025-04-11T19:25:46-07:00,1,13
style.css,33,css,d903d8cb,aarshiagupta,2025-04-11,19:25:46,-07:00,2025-04-11T19:25:46-07:00,1,13
style.css,34,css,d903d8cb,aarshiagupta,2025-04-11,19:25:46,-07:00,2025-04-11T19:25:46-07:00,0,0
style.css,35,css,d903d8cb,aarshiagupta,2025-04-11,19:25:46,-07:00,2025-04-11T19:25:46-07:00,0,0
style.css,36,css,d903d8cb,aarshiagupta,2025-04-11,19:25:46,-07:00,2025-04-11T19:25:46-07:00,0,8
style.css,37,css,dc9fd3af,aarshiagupta,2025-04-18,18:49:38,-07:00,2025-04-18T18:49:38-07:00,1,45
style.css,38,css,d903d8cb,aarshiagupta,2025-04-11,19:25:46,-07:00,2025-04-11T19:25:46-07:00,1,20
style.css,39,css,d903d8cb,aarshiagupta,2025-04-11,19:25:46,-07:00,2025-04-11T19:25:46-07:00,0,0
style.css,40,css,d903d8cb,aarshiagupta,2025-04-11,19:25:46,-07:00,2025-04-11T19:25:46-07:00,0,0
style.css,41,css,d903d8cb,aarshiagupta,2025-04-11,19:25:46,-07:00,2025-04-11T19:25:46-07:00,0,11
style.css,42,css,d903d8cb,aarshiagupta,2025-04-11,19:25:46,-07:00,2025-04-11T19:25:46-07:00,1,45
style.css,43,css,dc9fd3af,aarshiagupta,2025-04-18,18:49:38,-07:00,2025-04-18T18:49:38-07:00,1,69
style.css,44,css,d903d8cb,aarshiagupta,2025-04-11,19:25:46,-07:00,2025-04-11T19:25:46-07:00,0,0
style.css,45,css,d903d8cb,aarshiagupta,2025-04-11,19:25:46,-07:00,2025-04-11T19:25:46-07:00,0,0
style.css,46,css,d903d8cb,aarshiagupta,2025-04-11,19:25:46,-07:00,2025-04-11T19:25:46-07:00,0,4
style.css,47,css,d903d8cb,aarshiagupta,2025-04-11,19:25:46,-07:00,2025-04-11T19:25:46-07:00,1,12
style.css,48,css,d903d8cb,aarshiagupta,2025-04-11,19:25:46,-07:00,2025-04-11T19:25:46-07:00,1,30
style.css,49,css,d903d8cb,aarshiagupta,2025-04-11,19:25:46,-07:00,2025-04-11T19:25:46-07:00,1,7
style.css,50,css,d903d8cb,aarshiagupta,2025-04-11,19:25:46,-07:00,2025-04-11T19:25:46-07:00,0,0
style.css,51,css,d903d8cb,aarshiagupta,2025-04-11,19:25:46,-07:00,2025-04-11T19:25:46-07:00,0,0
style.css,52,css,d903d8cb,aarshiagupta,2025-04-11,19:25:46,-07:00,2025-04-11T19:25:46-07:00,0,10
style.css,53,css,d903d8cb,aarshiagupta,2025-04-11,19:25:46,-07:00,2025-04-11T19:25:46-07:00,1,12
style.css,54,css,d903d8cb,aarshiagupta,2025-04-11,19:25:46,-07:00,2025-04-11T19:25:46-07:00,1,29
style.css,55,css,d903d8cb,aarshiagupta,2025-04-11,19:25:46,-07:00,2025-04-11T19:25:46-07:00,1,18
style.css,56,css,d903d8cb,aarshiagupta,2025-04-11,19:25:46,-07:00,2025-04-11T19:25:46-07:00,0,0
style.css,57,css,d903d8cb,aarshiagupta,2025-04-11,19:25:46,-07:00,2025-04-11T19:25:46-07:00,0,0
style.css,58,css,d903d8cb,aarshiagupta,2025-04-11,19:25:46,-07:00,2025-04-11T19:25:46-07:00,0,11
style.css,59,css,d903d8cb,aarshiagupta,2025-04-11,19:25:46,-07:00,2025-04-11T19:25:46-07:00,1,18
style.css,60,css,d903d8cb,aarshiagupta,2025-04-11,19:25:46,-07:00,2025-04-11T19:25:46-07:00,0,0
style.css,61,css,d903d8cb,aarshiagupta,2025-04-11,19:25:46,-07:00,2025-04-11T19:25:46-07:00,0,0
style.css,62,css,d903d8cb,aarshiagupta,2025-04-11,19:25:46,-07:00,2025-04-11T19:25:46-07:00,0,23
style.css,63,css,d903d8cb,aarshiagupta,2025-04-11,19:25:46,-07:00,2025-04-11T19:25:46-07:00,1,12
style.css,64,css,d903d8cb,aarshiagupta,2025-04-11,19:25:46,-07:00,2025-04-11T19:25:46-07:00,0,0
style.css,65,css,d903d8cb,aarshiagupta,2025-04-11,19:25:46,-07:00,2025-04-11T19:25:46-07:00,0,0
style.css,66,css,d903d8cb,aarshiagupta,2025-04-11,19:25:46,-07:00,2025-04-11T19:25:46-07:00,0,9
style.css,67,css,d903d8cb,aarshiagupta,2025-04-11,19:25:46,-07:00,2025-04-11T19:25:46-07:00,1,12
style.css,68,css,d903d8cb,aarshiagupta,2025-04-11,19:25:46,-07:00,2025-04-11T19:25:46-07:00,1,58
style.css,69,css,d903d8cb,aarshiagupta,2025-04-11,19:25:46,-07:00,2025-04-11T19:25:46-07:00,1,7
style.css,70,css,d903d8cb,aarshiagupta,2025-04-11,19:25:46,-07:00,2025-04-11T19:25:46-07:00,1,14
style.css,71,css,d903d8cb,aarshiagupta,2025-04-11,19:25:46,-07:00,2025-04-11T19:25:46-07:00,0,0
style.css,72,css,d903d8cb,aarshiagupta,2025-04-11,19:25:46,-07:00,2025-04-11T19:25:46-07:00,0,0
style.css,73,css,d903d8cb,aarshiagupta,2025-04-11,19:25:46,-07:00,2025-04-11T19:25:46-07:00,0,17
style.css,74,css,d903d8cb,aarshiagupta,2025-04-11,19:25:46,-07:00,2025-04-11T19:25:46-07:00,1,12
style.css,75,css,d903d8cb,aarshiagupta,2025-04-11,19:25:46,-07:00,2025-04-11T19:25:46-07:00,1,26
style.css,76,css,d903d8cb,aarshiagupta,2025-04-11,19:25:46,-07:00,2025-04-11T19:25:46-07:00,1,15
style.css,77,css,d903d8cb,aarshiagupta,2025-04-11,19:25:46,-07:00,2025-04-11T19:25:46-07:00,0,0
style.css,78,css,d903d8cb,aarshiagupta,2025-04-11,19:25:46,-07:00,2025-04-11T19:25:46-07:00,0,0
style.css,79,css,d903d8cb,aarshiagupta,2025-04-11,19:25:46,-07:00,2025-04-11T19:25:46-07:00,0,12
style.css,80,css,d903d8cb,aarshiagupta,2025-04-11,19:25:46,-07:00,2025-04-11T19:25:46-07:00,1,8
style.css,81,css,d903d8cb,aarshiagupta,2025-04-11,19:25:46,-07:00,2025-04-11T19:25:46-07:00,0,0
style.css,82,css,d903d8cb,aarshiagupta,2025-04-11,19:25:46,-07:00,2025-04-11T19:25:46-07:00,0,0
style.css,83,css,d903d8cb,aarshiagupta,2025-04-11,19:25:46,-07:00,2025-04-11T19:25:46-07:00,0,0
style.css,84,css,d903d8cb,aarshiagupta,2025-04-11,19:25:46,-07:00,2025-04-11T19:25:46-07:00,0,23
style.css,85,css,d903d8cb,aarshiagupta,2025-04-11,19:25:46,-07:00,2025-04-11T19:25:46-07:00,1,40
style.css,86,css,d903d8cb,aarshiagupta,2025-04-11,19:25:46,-07:00,2025-04-11T19:25:46-07:00,1,26
style.css,87,css,d903d8cb,aarshiagupta,2025-04-11,19:25:46,-07:00,2025-04-11T19:25:46-07:00,1,24
style.css,88,css,d903d8cb,aarshiagupta,2025-04-11,19:25:46,-07:00,2025-04-11T19:25:46-07:00,0,0
style.css,89,css,d903d8cb,aarshiagupta,2025-04-11,19:25:46,-07:00,2025-04-11T19:25:46-07:00,0,0
style.css,90,css,d903d8cb,aarshiagupta,2025-04-11,19:25:46,-07:00,2025-04-11T19:25:46-07:00,0,22
style.css,91,css,d903d8cb,aarshiagupta,2025-04-11,19:25:46,-07:00,2025-04-11T19:25:46-07:00,1,15
style.css,92,css,d903d8cb,aarshiagupta,2025-04-11,19:25:46,-07:00,2025-04-11T19:25:46-07:00,1,17
style.css,93,css,d903d8cb,aarshiagupta,2025-04-11,19:25:46,-07:00,2025-04-11T19:25:46-07:00,0,0
style.css,94,css,d903d8cb,aarshiagupta,2025-04-11,19:25:46,-07:00,2025-04-11T19:25:46-07:00,0,0
style.css,95,css,d903d8cb,aarshiagupta,2025-04-11,19:25:46,-07:00,2025-04-11T19:25:46-07:00,0,2
style.css,96,css,d903d8cb,aarshiagupta,2025-04-11,19:25:46,-07:00,2025-04-11T19:25:46-07:00,1,14
style.css,97,css,d903d8cb,aarshiagupta,2025-04-11,19:25:46,-07:00,2025-04-11T19:25:46-07:00,0,0
style.css,98,css,d903d8cb,aarshiagupta,2025-04-11,19:25:46,-07:00,2025-04-11T19:25:46-07:00,0,0
style.css,99,css,d903d8cb,aarshiagupta,2025-04-11,19:25:46,-07:00,2025-04-11T19:25:46-07:00,0,7
style.css,100,css,d903d8cb,aarshiagupta,2025-04-11,19:25:46,-07:00,2025-04-11T19:25:46-07:00,1,14
style.css,101,css,d903d8cb,aarshiagupta,2025-04-11,19:25:46,-07:00,2025-04-11T19:25:46-07:00,1,17
style.css,102,css,d903d8cb,aarshiagupta,2025-04-11,19:25:46,-07:00,2025-04-11T19:25:46-07:00,0,0
style.css,103,css,d903d8cb,aarshiagupta,2025-04-11,19:25:46,-07:00,2025-04-11T19:25:46-07:00,0,0
style.css,104,css,d903d8cb,aarshiagupta,2025-04-11,19:25:46,-07:00,2025-04-11T19:25:46-07:00,0,10
style.css,105,css,d903d8cb,aarshiagupta,2025-04-11,19:25:46,-07:00,2025-04-11T19:25:46-07:00,1,14
style.css,106,css,d903d8cb,aarshiagupta,2025-04-11,19:25:46,-07:00,2025-04-11T19:25:46-07:00,1,19
style.css,107,css,d903d8cb,aarshiagupta,2025-04-11,19:25:46,-07:00,2025-04-11T19:25:46-07:00,1,43
style.css,108,css,d903d8cb,aarshiagupta,2025-04-11,19:25:46,-07:00,2025-04-11T19:25:46-07:00,1,20
style.css,109,css,d903d8cb,aarshiagupta,2025-04-11,19:25:46,-07:00,2025-04-11T19:25:46-07:00,0,0
style.css,110,css,d903d8cb,aarshiagupta,2025-04-11,19:25:46,-07:00,2025-04-11T19:25:46-07:00,0,0
style.css,111,css,d903d8cb,aarshiagupta,2025-04-11,19:25:46,-07:00,2025-04-11T19:25:46-07:00,0,10
style.css,112,css,d903d8cb,aarshiagupta,2025-04-11,19:25:46,-07:00,2025-04-11T19:25:46-07:00,1,14
style.css,113,css,d903d8cb,aarshiagupta,2025-04-11,19:25:46,-07:00,2025-04-11T19:25:46-07:00,1,14
style.css,114,css,d903d8cb,aarshiagupta,2025-04-11,19:25:46,-07:00,2025-04-11T19:25:46-07:00,1,19
style.css,115,css,d903d8cb,aarshiagupta,2025-04-11,19:25:46,-07:00,2025-04-11T19:25:46-07:00,0,0
style.css,116,css,d903d8cb,aarshiagupta,2025-04-11,19:25:46,-07:00,2025-04-11T19:25:46-07:00,0,0
style.css,117,css,d903d8cb,aarshiagupta,2025-04-11,19:25:46,-07:00,2025-04-11T19:25:46-07:00,0,47
style.css,118,css,d903d8cb,aarshiagupta,2025-04-11,19:25:46,-07:00,2025-04-11T19:25:46-07:00,1,13
style.css,119,css,d903d8cb,aarshiagupta,2025-04-11,19:25:46,-07:00,2025-04-11T19:25:46-07:00,1,15
style.css,120,css,d903d8cb,aarshiagupta,2025-04-11,19:25:46,-07:00,2025-04-11T19:25:46-07:00,1,19
style.css,121,css,d903d8cb,aarshiagupta,2025-04-11,19:25:46,-07:00,2025-04-11T19:25:46-07:00,0,0
style.css,122,css,d903d8cb,aarshiagupta,2025-04-11,19:25:46,-07:00,2025-04-11T19:25:46-07:00,0,0
style.css,123,css,d903d8cb,aarshiagupta,2025-04-11,19:25:46,-07:00,2025-04-11T19:25:46-07:00,0,10
style.css,124,css,d903d8cb,aarshiagupta,2025-04-11,19:25:46,-07:00,2025-04-11T19:25:46-07:00,1,20
style.css,125,css,d903d8cb,aarshiagupta,2025-04-11,19:25:46,-07:00,2025-04-11T19:25:46-07:00,1,18
style.css,126,css,d903d8cb,aarshiagupta,2025-04-11,19:25:46,-07:00,2025-04-11T19:25:46-07:00,0,0
style.css,127,css,d903d8cb,aarshiagupta,2025-04-11,19:25:46,-07:00,2025-04-11T19:25:46-07:00,0,0
style.css,128,css,d903d8cb,aarshiagupta,2025-04-11,19:25:46,-07:00,2025-04-11T19:25:46-07:00,0,9
style.css,129,css,d903d8cb,aarshiagupta,2025-04-11,19:25:46,-07:00,2025-04-11T19:25:46-07:00,1,25
style.css,130,css,d903d8cb,aarshiagupta,2025-04-11,19:25:46,-07:00,2025-04-11T19:25:46-07:00,1,25
style.css,131,css,d903d8cb,aarshiagupta,2025-04-11,19:25:46,-07:00,2025-04-11T19:25:46-07:00,0,0
style.css,132,css,d903d8cb,aarshiagupta,2025-04-11,19:25:46,-07:00,2025-04-11T19:25:46-07:00,0,0
style.css,133,css,d903d8cb,aarshiagupta,2025-04-11,19:25:46,-07:00,2025-04-11T19:25:46-07:00,0,0
style.css,134,css,d903d8cb,aarshiagupta,2025-04-11,19:25:46,-07:00,2025-04-11T19:25:46-07:00,0,6
style.css,135,css,d903d8cb,aarshiagupta,2025-04-11,19:25:46,-07:00,2025-04-11T19:25:46-07:00,1,16
style.css,136,css,d903d8cb,aarshiagupta,2025-04-11,19:25:46,-07:00,2025-04-11T19:25:46-07:00,0,0
style.css,137,css,d903d8cb,aarshiagupta,2025-04-11,19:25:46,-07:00,2025-04-11T19:25:46-07:00,0,0
style.css,138,css,d903d8cb,aarshiagupta,2025-04-11,19:25:46,-07:00,2025-04-11T19:25:46-07:00,0,3
style.css,139,css,d903d8cb,aarshiagupta,2025-04-11,19:25:46,-07:00,2025-04-11T19:25:46-07:00,1,14
style.css,140,css,d903d8cb,aarshiagupta,2025-04-11,19:25:46,-07:00,2025-04-11T19:25:46-07:00,1,11
style.css,141,css,d903d8cb,aarshiagupta,2025-04-11,19:25:46,-07:00,2025-04-11T19:25:46-07:00,1,13
style.css,142,css,d903d8cb,aarshiagupta,2025-04-11,19:25:46,-07:00,2025-04-11T19:25:46-07:00,1,15
style.css,143,css,d903d8cb,aarshiagupta,2025-04-11,19:25:46,-07:00,2025-04-11T19:25:46-07:00,1,16
style.css,144,css,bb5838f3,aarshiagupta,2025-04-11,20:15:24,-07:00,2025-04-11T20:15:24-07:00,0,0
style.css,145,css,bb5838f3,aarshiagupta,2025-04-11,20:15:24,-07:00,2025-04-11T20:15:24-07:00,0,0
style.css,146,css,bb5838f3,aarshiagupta,2025-04-11,20:15:24,-07:00,2025-04-11T20:15:24-07:00,0,5
style.css,147,css,38ced93a,aarshiagupta,2025-04-11,20:18:13,-07:00,2025-04-11T20:18:13-07:00,1,13
style.css,148,css,38ced93a,aarshiagupta,2025-04-11,20:18:13,-07:00,2025-04-11T20:18:13-07:00,1,18
style.css,149,css,bb5838f3,aarshiagupta,2025-04-11,20:15:24,-07:00,2025-04-11T20:15:24-07:00,1,13
style.css,150,css,38ced93a,aarshiagupta,2025-04-11,20:18:13,-07:00,2025-04-11T20:18:13-07:00,1,23
style.css,151,css,bb5838f3,aarshiagupta,2025-04-11,20:15:24,-07:00,2025-04-11T20:15:24-07:00,0,0
style.css,152,css,bb5838f3,aarshiagupta,2025-04-11,20:15:24,-07:00,2025-04-11T20:15:24-07:00,0,15
style.css,153,css,bb5838f3,aarshiagupta,2025-04-11,20:15:24,-07:00,2025-04-11T20:15:24-07:00,1,17
style.css,154,css,bb5838f3,aarshiagupta,2025-04-11,20:15:24,-07:00,2025-04-11T20:15:24-07:00,0,0
style.css,155,css,bb5838f3,aarshiagupta,2025-04-11,20:15:24,-07:00,2025-04-11T20:15:24-07:00,0,0
style.css,156,css,bb5838f3,aarshiagupta,2025-04-11,20:15:24,-07:00,2025-04-11T20:15:24-07:00,0,10
style.css,157,css,bb5838f3,aarshiagupta,2025-04-11,20:15:24,-07:00,2025-04-11T20:15:24-07:00,1,16
style.css,158,css,bb5838f3,aarshiagupta,2025-04-11,20:15:24,-07:00,2025-04-11T20:15:24-07:00,0,0
style.css,159,css,bb5838f3,aarshiagupta,2025-04-11,20:15:24,-07:00,2025-04-11T20:15:24-07:00,0,0
style.css,160,css,bb5838f3,aarshiagupta,2025-04-11,20:15:24,-07:00,2025-04-11T20:15:24-07:00,0,10
style.css,161,css,bb5838f3,aarshiagupta,2025-04-11,20:15:24,-07:00,2025-04-11T20:15:24-07:00,1,19
style.css,162,css,dc9fd3af,aarshiagupta,2025-04-18,18:49:38,-07:00,2025-04-18T18:49:38-07:00,0,0
style.css,163,css,dc9fd3af,aarshiagupta,2025-04-18,18:49:38,-07:00,2025-04-18T18:49:38-07:00,0,0
style.css,164,css,dc9fd3af,aarshiagupta,2025-04-18,18:49:38,-07:00,2025-04-18T18:49:38-07:00,0,13
style.css,165,css,dc9fd3af,aarshiagupta,2025-04-18,18:49:38,-07:00,2025-04-18T18:49:38-07:00,1,17
style.css,166,css,dc9fd3af,aarshiagupta,2025-04-18,18:49:38,-07:00,2025-04-18T18:49:38-07:00,1,8
style.css,167,css,dc9fd3af,aarshiagupta,2025-04-18,18:49:38,-07:00,2025-04-18T18:49:38-07:00,1,10
style.css,168,css,dc9fd3af,aarshiagupta,2025-04-18,18:49:38,-07:00,2025-04-18T18:49:38-07:00,1,13
style.css,169,css,dc9fd3af,aarshiagupta,2025-04-18,18:49:38,-07:00,2025-04-18T18:49:38-07:00,1,19
style.css,170,css,dc9fd3af,aarshiagupta,2025-04-18,18:49:38,-07:00,2025-04-18T18:49:38-07:00,0,0
style.css,171,css,dc9fd3af,aarshiagupta,2025-04-18,18:49:38,-07:00,2025-04-18T18:49:38-07:00,0,0
style.css,172,css,58e4a1a1,aarshiagupta,2025-04-25,23:54:00,-07:00,2025-04-25T23:54:00-07:00,0,12
style.css,173,css,58e4a1a1,aarshiagupta,2025-04-25,23:54:00,-07:00,2025-04-25T23:54:00-07:00,1,16
style.css,174,css,58e4a1a1,aarshiagupta,2025-04-25,23:54:00,-07:00,2025-04-25T23:54:00-07:00,1,20
style.css,175,css,58e4a1a1,aarshiagupta,2025-04-25,23:54:00,-07:00,2025-04-25T23:54:00-07:00,0,0
style.css,176,css,58e4a1a1,aarshiagupta,2025-04-25,23:54:00,-07:00,2025-04-25T23:54:00-07:00,0,0
style.css,177,css,58e4a1a1,aarshiagupta,2025-04-25,23:54:00,-07:00,2025-04-25T23:54:00-07:00,0,17
style.css,178,css,58e4a1a1,aarshiagupta,2025-04-25,23:54:00,-07:00,2025-04-25T23:54:00-07:00,1,12
style.css,179,css,58e4a1a1,aarshiagupta,2025-04-25,23:54:00,-07:00,2025-04-25T23:54:00-07:00,1,36
style.css,180,css,58e4a1a1,aarshiagupta,2025-04-25,23:54:00,-07:00,2025-04-25T23:54:00-07:00,1,34
style.css,181,css,58e4a1a1,aarshiagupta,2025-04-25,23:54:00,-07:00,2025-04-25T23:54:00-07:00,1,19
style.css,182,css,58e4a1a1,aarshiagupta,2025-04-25,23:54:00,-07:00,2025-04-25T23:54:00-07:00,1,17
style.css,183,css,58e4a1a1,aarshiagupta,2025-04-25,23:54:00,-07:00,2025-04-25T23:54:00-07:00,1,14
style.css,184,css,58e4a1a1,aarshiagupta,2025-04-25,23:54:00,-07:00,2025-04-25T23:54:00-07:00,0,0
style.css,185,css,58e4a1a1,aarshiagupta,2025-04-25,23:54:00,-07:00,2025-04-25T23:54:00-07:00,0,0
style.css,186,css,58e4a1a1,aarshiagupta,2025-04-25,23:54:00,-07:00,2025-04-25T23:54:00-07:00,0,17
style.css,187,css,58e4a1a1,aarshiagupta,2025-04-25,23:54:00,-07:00,2025-04-25T23:54:00-07:00,1,10
style.css,188,css,58e4a1a1,aarshiagupta,2025-04-25,23:54:00,-07:00,2025-04-25T23:54:00-07:00,1,24
style.css,189,css,58e4a1a1,aarshiagupta,2025-04-25,23:54:00,-07:00,2025-04-25T23:54:00-07:00,1,16
style.css,190,css,58e4a1a1,aarshiagupta,2025-04-25,23:54:00,-07:00,2025-04-25T23:54:00-07:00,1,10
style.css,191,css,58e4a1a1,aarshiagupta,2025-04-25,23:54:00,-07:00,2025-04-25T23:54:00-07:00,1,17
style.css,192,css,58e4a1a1,aarshiagupta,2025-04-25,23:54:00,-07:00,2025-04-25T23:54:00-07:00,1,8
style.css,193,css,58e4a1a1,aarshiagupta,2025-04-25,23:54:00,-07:00,2025-04-25T23:54:00-07:00,0,0
style.css,194,css,58e4a1a1,aarshiagupta,2025-04-25,23:54:00,-07:00,2025-04-25T23:54:00-07:00,0,0
style.css,195,css,58e4a1a1,aarshiagupta,2025-04-25,23:54:00,-07:00,2025-04-25T23:54:00-07:00,0,17
style.css,196,css,58e4a1a1,aarshiagupta,2025-04-25,23:54:00,-07:00,2025-04-25T23:54:00-07:00,1,10
style.css,197,css,58e4a1a1,aarshiagupta,2025-04-25,23:54:00,-07:00,2025-04-25T23:54:00-07:00,1,17
style.css,198,css,58e4a1a1,aarshiagupta,2025-04-25,23:54:00,-07:00,2025-04-25T23:54:00-07:00,1,16
style.css,199,css,58e4a1a1,aarshiagupta,2025-04-25,23:54:00,-07:00,2025-04-25T23:54:00-07:00,1,17
style.css,200,css,58e4a1a1,aarshiagupta,2025-04-25,23:54:00,-07:00,2025-04-25T23:54:00-07:00,1,8
style.css,201,css,58e4a1a1,aarshiagupta,2025-04-25,23:54:00,-07:00,2025-04-25T23:54:00-07:00,0,0
style.css,202,css,58e4a1a1,aarshiagupta,2025-04-25,23:54:00,-07:00,2025-04-25T23:54:00-07:00,0,0
style.css,203,css,a9e6ae32,aarshiagupta,2025-05-02,20:34:12,-07:00,2025-05-02T20:34:12-07:00,0,13
style.css,204,css,a9e6ae32,aarshiagupta,2025-05-02,20:34:12,-07:00,2025-05-02T20:34:12-07:00,1,12
style.css,205,css,a9e6ae32,aarshiagupta,2025-05-02,20:34:12,-07:00,2025-05-02T20:34:12-07:00,1,21
style.css,206,css,a9e6ae32,aarshiagupta,2025-05-02,20:34:12,-07:00,2025-05-02T20:34:12-07:00,1,9
style.css,207,css,a9e6ae32,aarshiagupta,2025-05-02,20:34:12,-07:00,2025-05-02T20:34:12-07:00,0,0
style.css,208,css,a9e6ae32,aarshiagupta,2025-05-02,20:34:12,-07:00,2025-05-02T20:34:12-07:00,0,0
style.css,209,css,a9e6ae32,aarshiagupta,2025-05-02,20:34:12,-07:00,2025-05-02T20:34:12-07:00,0,13
style.css,210,css,a9e6ae32,aarshiagupta,2025-05-02,20:34:12,-07:00,2025-05-02T20:34:12-07:00,1,10
style.css,211,css,a9e6ae32,aarshiagupta,2025-05-02,20:34:12,-07:00,2025-05-02T20:34:12-07:00,1,30
style.css,212,css,a9e6ae32,aarshiagupta,2025-05-02,20:34:12,-07:00,2025-05-02T20:34:12-07:00,1,34
style.css,213,css,a9e6ae32,aarshiagupta,2025-05-02,20:34:12,-07:00,2025-05-02T20:34:12-07:00,0,0
style.css,214,css,a9e6ae32,aarshiagupta,2025-05-02,20:34:12,-07:00,2025-05-02T20:34:12-07:00,0,0
style.css,215,css,a9e6ae32,aarshiagupta,2025-05-02,20:34:12,-07:00,2025-05-02T20:34:12-07:00,0,18
style.css,216,css,a9e6ae32,aarshiagupta,2025-05-02,20:34:12,-07:00,2025-05-02T20:34:12-07:00,1,11
style.css,217,css,a9e6ae32,aarshiagupta,2025-05-02,20:34:12,-07:00,2025-05-02T20:34:12-07:00,1,12
style.css,218,css,a9e6ae32,aarshiagupta,2025-05-02,20:34:12,-07:00,2025-05-02T20:34:12-07:00,1,13
style.css,219,css,a9e6ae32,aarshiagupta,2025-05-02,20:34:12,-07:00,2025-05-02T20:34:12-07:00,1,16
style.css,220,css,a9e6ae32,aarshiagupta,2025-05-02,20:34:12,-07:00,2025-05-02T20:34:12-07:00,0,0
style.css,221,css,a9e6ae32,aarshiagupta,2025-05-02,20:34:12,-07:00,2025-05-02T20:34:12-07:00,0,0
style.css,222,css,a9e6ae32,aarshiagupta,2025-05-02,20:34:12,-07:00,2025-05-02T20:34:12-07:00,0,7
style.css,223,css,a9e6ae32,aarshiagupta,2025-05-02,20:34:12,-07:00,2025-05-02T20:34:12-07:00,1,12
style.css,224,css,a9e6ae32,aarshiagupta,2025-05-02,20:34:12,-07:00,2025-05-02T20:34:12-07:00,1,57
style.css,225,css,a9e6ae32,aarshiagupta,2025-05-02,20:34:12,-07:00,2025-05-02T20:34:12-07:00,1,9
style.css,226,css,a9e6ae32,aarshiagupta,2025-05-02,20:34:12,-07:00,2025-05-02T20:34:12-07:00,1,11
style.css,227,css,a9e6ae32,aarshiagupta,2025-05-02,20:34:12,-07:00,2025-05-02T20:34:12-07:00,1,21
style.css,228,css,a9e6ae32,aarshiagupta,2025-05-02,20:34:12,-07:00,2025-05-02T20:34:12-07:00,0,0
style.css,229,css,a9e6ae32,aarshiagupta,2025-05-02,20:34:12,-07:00,2025-05-02T20:34:12-07:00,0,0
style.css,230,css,a9e6ae32,aarshiagupta,2025-05-02,20:34:12,-07:00,2025-05-02T20:34:12-07:00,0,15
style.css,231,css,a9e6ae32,aarshiagupta,2025-05-02,20:34:12,-07:00,2025-05-02T20:34:12-07:00,1,9
style.css,232,css,a9e6ae32,aarshiagupta,2025-05-02,20:34:12,-07:00,2025-05-02T20:34:12-07:00,1,10
style.css,233,css,a9e6ae32,aarshiagupta,2025-05-02,20:34:12,-07:00,2025-05-02T20:34:12-07:00,1,18
style.css,234,css,a9e6ae32,aarshiagupta,2025-05-02,20:34:12,-07:00,2025-05-02T20:34:12-07:00,1,29
style.css,235,css,a9e6ae32,aarshiagupta,2025-05-02,20:34:12,-07:00,2025-05-02T20:34:12-07:00,1,17
style.css,236,css,a9e6ae32,aarshiagupta,2025-05-02,20:34:12,-07:00,2025-05-02T20:34:12-07:00,1,20
style.css,237,css,a9e6ae32,aarshiagupta,2025-05-02,20:34:12,-07:00,2025-05-02T20:34:12-07:00,0,0
style.css,238,css,a9e6ae32,aarshiagupta,2025-05-02,20:34:12,-07:00,2025-05-02T20:34:12-07:00,0,0
style.css,239,css,a9e6ae32,aarshiagupta,2025-05-02,20:34:12,-07:00,2025-05-02T20:34:12-07:00,0,10
style.css,240,css,a9e6ae32,aarshiagupta,2025-05-02,20:34:12,-07:00,2025-05-02T20:34:12-07:00,1,12
style.css,241,css,a9e6ae32,aarshiagupta,2025-05-02,20:34:12,-07:00,2025-05-02T20:34:12-07:00,1,7
style.css,242,css,a9e6ae32,aarshiagupta,2025-05-02,20:34:12,-07:00,2025-05-02T20:34:12-07:00,1,22
style.css,243,css,a9e6ae32,aarshiagupta,2025-05-02,20:34:12,-07:00,2025-05-02T20:34:12-07:00,0,0
style.css,244,css,a9e6ae32,aarshiagupta,2025-05-02,20:34:12,-07:00,2025-05-02T20:34:12-07:00,0,0
style.css,245,css,a9e6ae32,aarshiagupta,2025-05-02,20:34:12,-07:00,2025-05-02T20:34:12-07:00,0,0
style.css,246,css,a9e6ae32,aarshiagupta,2025-05-02,20:34:12,-07:00,2025-05-02T20:34:12-07:00,0,0
style.css,247,css,a9e6ae32,aarshiagupta,2025-05-02,20:34:12,-07:00,2025-05-02T20:34:12-07:00,0,8
style.css,248,css,a9e6ae32,aarshiagupta,2025-05-02,20:34:12,-07:00,2025-05-02T20:34:12-07:00,1,16
style.css,249,css,a9e6ae32,aarshiagupta,2025-05-02,20:34:12,-07:00,2025-05-02T20:34:12-07:00,1,14
style.css,250,css,a9e6ae32,aarshiagupta,2025-05-02,20:34:12,-07:00,2025-05-02T20:34:12-07:00,0,0
style.css,251,css,a9e6ae32,aarshiagupta,2025-05-02,20:34:12,-07:00,2025-05-02T20:34:12-07:00,0,0
style.css,252,css,a9e6ae32,aarshiagupta,2025-05-02,20:34:12,-07:00,2025-05-02T20:34:12-07:00,0,36
style.css,253,css,a9e6ae32,aarshiagupta,2025-05-02,20:34:12,-07:00,2025-05-02T20:34:12-07:00,1,11
style.css,254,css,a9e6ae32,aarshiagupta,2025-05-02,20:34:12,-07:00,2025-05-02T20:34:12-07:00,0,0
style.css,255,css,a9e6ae32,aarshiagupta,2025-05-02,20:34:12,-07:00,2025-05-02T20:34:12-07:00,0,0
style.css,256,css,a9e6ae32,aarshiagupta,2025-05-02,20:34:12,-07:00,2025-05-02T20:34:12-07:00,0,18
style.css,257,css,a9e6ae32,aarshiagupta,2025-05-02,20:34:12,-07:00,2025-05-02T20:34:12-07:00,1,32
style.css,258,css,a9e6ae32,aarshiagupta,2025-05-02,20:34:12,-07:00,2025-05-02T20:34:12-07:00,0,0
style.css,259,css,a9e6ae32,aarshiagupta,2025-05-02,20:34:12,-07:00,2025-05-02T20:34:12-07:00,0,0
style.css,260,css,a9e6ae32,aarshiagupta,2025-05-02,20:34:12,-07:00,2025-05-02T20:34:12-07:00,0,10
style.css,261,css,a9e6ae32,aarshiagupta,2025-05-02,20:34:12,-07:00,2025-05-02T20:34:12-07:00,1,12
style.css,262,css,a9e6ae32,aarshiagupta,2025-05-02,20:34:12,-07:00,2025-05-02T20:34:12-07:00,1,18
style.css,263,css,a9e6ae32,aarshiagupta,2025-05-02,20:34:12,-07:00,2025-05-02T20:34:12-07:00,1,9
style.css,264,css,a9e6ae32,aarshiagupta,2025-05-02,20:34:12,-07:00,2025-05-02T20:34:12-07:00,1,36
style.css,265,css,a9e6ae32,aarshiagupta,2025-05-02,20:34:12,-07:00,2025-05-02T20:34:12-07:00,0,0
style.css,266,css,a9e6ae32,aarshiagupta,2025-05-02,20:34:12,-07:00,2025-05-02T20:34:12-07:00,0,0
style.css,267,css,a9e6ae32,aarshiagupta,2025-05-02,20:34:12,-07:00,2025-05-02T20:34:12-07:00,0,15
style.css,268,css,a9e6ae32,aarshiagupta,2025-05-02,20:34:12,-07:00,2025-05-02T20:34:12-07:00,1,9
style.css,269,css,a9e6ae32,aarshiagupta,2025-05-02,20:34:12,-07:00,2025-05-02T20:34:12-07:00,1,10
style.css,270,css,a9e6ae32,aarshiagupta,2025-05-02,20:34:12,-07:00,2025-05-02T20:34:12-07:00,1,18
style.css,271,css,a9e6ae32,aarshiagupta,2025-05-02,20:34:12,-07:00,2025-05-02T20:34:12-07:00,1,29
style.css,272,css,a9e6ae32,aarshiagupta,2025-05-02,20:34:12,-07:00,2025-05-02T20:34:12-07:00,1,17
style.css,273,css,a9e6ae32,aarshiagupta,2025-05-02,20:34:12,-07:00,2025-05-02T20:34:12-07:00,1,20
style.css,274,css,a9e6ae32,aarshiagupta,2025-05-02,20:34:12,-07:00,2025-05-02T20:34:12-07:00,0,0
style.css,275,css,a9e6ae32,aarshiagupta,2025-05-02,20:34:12,-07:00,2025-05-02T20:34:12-07:00,0,0
style.css,276,css,a9e6ae32,aarshiagupta,2025-05-02,20:34:12,-07:00,2025-05-02T20:34:12-07:00,0,19
style.css,277,css,a9e6ae32,aarshiagupta,2025-05-02,20:34:12,-07:00,2025-05-02T20:34:12-07:00,1,35
style.css,278,css,a9e6ae32,aarshiagupta,2025-05-02,20:34:12,-07:00,2025-05-02T20:34:12-07:00,1,16
style.css,279,css,a9e6ae32,aarshiagupta,2025-05-02,20:34:12,-07:00,2025-05-02T20:34:12-07:00,1,25
style.css,280,css,a9e6ae32,aarshiagupta,2025-05-02,20:34:12,-07:00,2025-05-02T20:34:12-07:00,0,0
style.css,281,css,a9e6ae32,aarshiagupta,2025-05-02,20:34:12,-07:00,2025-05-02T20:34:12-07:00,0,22
style.css,282,css,a9e6ae32,aarshiagupta,2025-05-02,20:34:12,-07:00,2025-05-02T20:34:12-07:00,1,32
style.css,283,css,a9e6ae32,aarshiagupta,2025-05-02,20:34:12,-07:00,2025-05-02T20:34:12-07:00,1,17
style.css,284,css,a9e6ae32,aarshiagupta,2025-05-02,20:34:12,-07:00,2025-05-02T20:34:12-07:00,0,0
style.css,285,css,a9e6ae32,aarshiagupta,2025-05-02,20:34:12,-07:00,2025-05-02T20:34:12-07:00,0,22
style.css,286,css,a9e6ae32,aarshiagupta,2025-05-02,20:34:12,-07:00,2025-05-02T20:34:12-07:00,1,32
style.css,287,css,a9e6ae32,aarshiagupta,2025-05-02,20:34:12,-07:00,2025-05-02T20:34:12-07:00,1,17
style.css,288,css,a9e6ae32,aarshiagupta,2025-05-02,20:34:12,-07:00,2025-05-02T20:34:12-07:00,0,0
style.css,289,css,a9e6ae32,aarshiagupta,2025-05-02,20:34:12,-07:00,2025-05-02T20:34:12-07:00,0,14
style.css,290,css,a9e6ae32,aarshiagupta,2025-05-02,20:34:12,-07:00,2025-05-02T20:34:12-07:00,1,21
style.css,291,css,a9e6ae32,aarshiagupta,2025-05-02,20:34:12,-07:00,2025-05-02T20:34:12-07:00,1,23
style.css,292,css,a9e6ae32,aarshiagupta,2025-05-02,20:34:12,-07:00,2025-05-02T20:34:12-07:00,0,0
style.css,293,css,a9e6ae32,aarshiagupta,2025-05-02,20:34:12,-07:00,2025-05-02T20:34:12-07:00,0,0
style.css,294,css,a9e6ae32,aarshiagupta,2025-05-02,20:34:12,-07:00,2025-05-02T20:34:12-07:00,0,0
index.js,1,js,58e4a1a1,aarshiagupta,2025-04-25,23:54:00,-07:00,2025-04-25T23:54:00-07:00,0,6
index.js,2,js,58e4a1a1,aarshiagupta,2025-04-25,23:54:00,-07:00,2025-04-25T23:54:00-07:00,2,8
index.js,3,js,58e4a1a1,aarshiagupta,2025-04-25,23:54:00,-07:00,2025-04-25T23:54:00-07:00,2,13
index.js,4,js,58e4a1a1,aarshiagupta,2025-04-25,23:54:00,-07:00,2025-04-25T23:54:00-07:00,2,13
index.js,5,js,58e4a1a1,aarshiagupta,2025-04-25,23:54:00,-07:00,2025-04-25T23:54:00-07:00,1,19
index.js,6,js,a9e6ae32,aarshiagupta,2025-05-02,20:34:12,-07:00,2025-05-02T20:34:12-07:00,0,59
index.js,7,js,a9e6ae32,aarshiagupta,2025-05-02,20:34:12,-07:00,2025-05-02T20:34:12-07:00,0,0
index.js,8,js,58e4a1a1,aarshiagupta,2025-04-25,23:54:00,-07:00,2025-04-25T23:54:00-07:00,1,0
index.js,9,js,58e4a1a1,aarshiagupta,2025-04-25,23:54:00,-07:00,2025-04-25T23:54:00-07:00,1,17
index.js,10,js,58e4a1a1,aarshiagupta,2025-04-25,23:54:00,-07:00,2025-04-25T23:54:00-07:00,2,54
index.js,11,js,58e4a1a1,aarshiagupta,2025-04-25,23:54:00,-07:00,2025-04-25T23:54:00-07:00,2,34
index.js,12,js,58e4a1a1,aarshiagupta,2025-04-25,23:54:00,-07:00,2025-04-25T23:54:00-07:00,2,56
index.js,13,js,58e4a1a1,aarshiagupta,2025-04-25,23:54:00,-07:00,2025-04-25T23:54:00-07:00,2,42
index.js,14,js,58e4a1a1,aarshiagupta,2025-04-25,23:54:00,-07:00,2025-04-25T23:54:00-07:00,1,0
index.js,15,js,58e4a1a1,aarshiagupta,2025-04-25,23:54:00,-07:00,2025-04-25T23:54:00-07:00,2,55
index.js,16,js,58e4a1a1,aarshiagupta,2025-04-25,23:54:00,-07:00,2025-04-25T23:54:00-07:00,0,0
index.js,17,js,58e4a1a1,aarshiagupta,2025-04-25,23:54:00,-07:00,2025-04-25T23:54:00-07:00,1,60
index.js,18,js,58e4a1a1,aarshiagupta,2025-04-25,23:54:00,-07:00,2025-04-25T23:54:00-07:00,0,0
index.js,19,js,58e4a1a1,aarshiagupta,2025-04-25,23:54:00,-07:00,2025-04-25T23:54:00-07:00,1,17
index.js,20,js,58e4a1a1,aarshiagupta,2025-04-25,23:54:00,-07:00,2025-04-25T23:54:00-07:00,2,24
index.js,21,js,58e4a1a1,aarshiagupta,2025-04-25,23:54:00,-07:00,2025-04-25T23:54:00-07:00,3,2
index.js,22,js,58e4a1a1,aarshiagupta,2025-04-25,23:54:00,-07:00,2025-04-25T23:54:00-07:00,4,54
index.js,23,js,58e4a1a1,aarshiagupta,2025-04-25,23:54:00,-07:00,2025-04-25T23:54:00-07:00,4,54
index.js,24,js,58e4a1a1,aarshiagupta,2025-04-25,23:54:00,-07:00,2025-04-25T23:54:00-07:00,4,48
index.js,25,js,58e4a1a1,aarshiagupta,2025-04-25,23:54:00,-07:00,2025-04-25T23:54:00-07:00,4,48
index.js,26,js,58e4a1a1,aarshiagupta,2025-04-25,23:54:00,-07:00,2025-04-25T23:54:00-07:00,3,3
index.js,27,js,58e4a1a1,aarshiagupta,2025-04-25,23:54:00,-07:00,2025-04-25T23:54:00-07:00,2,0
index.js,28,js,58e4a1a1,aarshiagupta,2025-04-25,23:54:00,-07:00,2025-04-25T23:54:00-07:00,1,0
index.js,29,js,58e4a1a1,aarshiagupta,2025-04-25,23:54:00,-07:00,2025-04-25T23:54:00-07:00,0,3
index.js,30,js,a9e6ae32,aarshiagupta,2025-05-02,20:34:12,-07:00,2025-05-02T20:34:12-07:00,1,0
index.js,31,js,a9e6ae32,aarshiagupta,2025-05-02,20:34:12,-07:00,2025-05-02T20:34:12-07:00,0,0
index.html,1,html,e50ca6a1,aarshiagupta,2025-04-04,16:52:02,-07:00,2025-04-04T16:52:02-07:00,0,13
index.html,2,html,e50ca6a1,aarshiagupta,2025-04-04,16:52:02,-07:00,2025-04-04T16:52:02-07:00,0,14
index.html,3,html,e50ca6a1,aarshiagupta,2025-04-04,16:52:02,-07:00,2025-04-04T16:52:02-07:00,0,4
index.html,4,html,7adc20c2,aarshiagupta,2025-04-25,23:15:02,-07:00,2025-04-25T23:15:02-07:00,1,22
index.html,5,html,7adc20c2,aarshiagupta,2025-04-25,23:15:02,-07:00,2025-04-25T23:15:02-07:00,1,70
index.html,6,html,7adc20c2,aarshiagupta,2025-04-25,23:15:02,-07:00,2025-04-25T23:15:02-07:00,1,53
index.html,7,html,7adc20c2,aarshiagupta,2025-04-25,23:15:02,-07:00,2025-04-25T23:15:02-07:00,1,40
index.html,8,html,e50ca6a1,aarshiagupta,2025-04-04,16:52:02,-07:00,2025-04-04T16:52:02-07:00,0,5
index.html,9,html,e50ca6a1,aarshiagupta,2025-04-04,16:52:02,-07:00,2025-04-04T16:52:02-07:00,0,4
index.html,10,html,58e4a1a1,aarshiagupta,2025-04-25,23:54:00,-07:00,2025-04-25T23:54:00-07:00,2,9
index.html,11,html,10ce0041,aarshiagupta,2025-04-25,23:25:11,-07:00,2025-04-25T23:25:11-07:00,2,6
index.html,12,html,10ce0041,aarshiagupta,2025-04-25,23:25:11,-07:00,2025-04-25T23:25:11-07:00,3,20
index.html,13,html,c6e4fc85,aarshiagupta,2025-04-25,23:31:41,-07:00,2025-04-25T23:31:41-07:00,3,94
index.html,14,html,10ce0041,aarshiagupta,2025-04-25,23:25:11,-07:00,2025-04-25T23:25:11-07:00,3,42
index.html,15,html,10ce0041,aarshiagupta,2025-04-25,23:25:11,-07:00,2025-04-25T23:25:11-07:00,2,7
index.html,16,html,10ce0041,aarshiagupta,2025-04-25,23:25:11,-07:00,2025-04-25T23:25:11-07:00,1,0
index.html,17,html,10ce0041,aarshiagupta,2025-04-25,23:25:11,-07:00,2025-04-25T23:25:11-07:00,2,7
index.html,18,html,10ce0041,aarshiagupta,2025-04-25,23:25:11,-07:00,2025-04-25T23:25:11-07:00,3,22
index.html,19,html,10ce0041,aarshiagupta,2025-04-25,23:25:11,-07:00,2025-04-25T23:25:11-07:00,3,26
index.html,20,html,10ce0041,aarshiagupta,2025-04-25,23:25:11,-07:00,2025-04-25T23:25:11-07:00,2,8
index.html,21,html,10ce0041,aarshiagupta,2025-04-25,23:25:11,-07:00,2025-04-25T23:25:11-07:00,1,0
index.html,22,html,58e4a1a1,aarshiagupta,2025-04-25,23:54:00,-07:00,2025-04-25T23:54:00-07:00,2,25
index.html,23,html,58e4a1a1,aarshiagupta,2025-04-25,23:54:00,-07:00,2025-04-25T23:54:00-07:00,4,22
index.html,24,html,58e4a1a1,aarshiagupta,2025-04-25,23:54:00,-07:00,2025-04-25T23:54:00-07:00,4,28
index.html,25,html,58e4a1a1,aarshiagupta,2025-04-25,23:54:00,-07:00,2025-04-25T23:54:00-07:00,3,8
index.html,26,html,58e4a1a1,aarshiagupta,2025-04-25,23:54:00,-07:00,2025-04-25T23:54:00-07:00,3,0
index.html,27,html,10ce0041,aarshiagupta,2025-04-25,23:25:11,-07:00,2025-04-25T23:25:11-07:00,1,0
index.html,28,html,10ce0041,aarshiagupta,2025-04-25,23:25:11,-07:00,2025-04-25T23:25:11-07:00,2,50
index.html,29,html,10ce0041,aarshiagupta,2025-04-25,23:25:11,-07:00,2025-04-25T23:25:11-07:00,1,5
index.html,30,html,54cf2a67,aarshiagupta,2025-04-11,19:28:58,-07:00,2025-04-11T19:28:58-07:00,0,5
index.html,31,html,7adc20c2,aarshiagupta,2025-04-25,23:15:02,-07:00,2025-04-25T23:15:02-07:00,0,0
index.html,32,html,7adc20c2,aarshiagupta,2025-04-25,23:15:02,-07:00,2025-04-25T23:15:02-07:00,0,0
global.js,1,js,8f5c760e,aarshiagupta,2025-04-18,18:37:02,-07:00,2025-04-18T18:37:02-07:00,0,25
global.js,2,js,8f5c760e,aarshiagupta,2025-04-18,18:37:02,-07:00,2025-04-18T18:37:02-07:00,0,0
global.js,3,js,8f5c760e,aarshiagupta,2025-04-18,18:37:02,-07:00,2025-04-18T18:37:02-07:00,0,41
global.js,4,js,8f5c760e,aarshiagupta,2025-04-18,18:37:02,-07:00,2025-04-18T18:37:02-07:00,1,52
global.js,5,js,8f5c760e,aarshiagupta,2025-04-18,18:37:02,-07:00,2025-04-18T18:37:02-07:00,0,0
global.js,6,js,8f5c760e,aarshiagupta,2025-04-18,18:37:02,-07:00,2025-04-18T18:37:02-07:00,0,98
global.js,7,js,8f5c760e,aarshiagupta,2025-04-18,18:37:02,-07:00,2025-04-18T18:37:02-07:00,1,3
global.js,8,js,8f5c760e,aarshiagupta,2025-04-18,18:37:02,-07:00,2025-04-18T18:37:02-07:00,1,14
global.js,9,js,8f5c760e,aarshiagupta,2025-04-18,18:37:02,-07:00,2025-04-18T18:37:02-07:00,0,0
global.js,10,js,8f5c760e,aarshiagupta,2025-04-18,18:37:02,-07:00,2025-04-18T18:37:02-07:00,0,11
global.js,11,js,8f5c760e,aarshiagupta,2025-04-18,18:37:02,-07:00,2025-04-18T18:37:02-07:00,1,25
global.js,12,js,8f5c760e,aarshiagupta,2025-04-18,18:37:02,-07:00,2025-04-18T18:37:02-07:00,1,38
global.js,13,js,8f5c760e,aarshiagupta,2025-04-18,18:37:02,-07:00,2025-04-18T18:37:02-07:00,1,34
global.js,14,js,00000000,Not Committed Yet,2025-05-10,19:20:56,-07:00,2025-05-10T19:20:56-07:00,1,36
global.js,15,js,00000000,Not Committed Yet,2025-05-10,19:20:56,-07:00,2025-05-10T19:20:56-07:00,1,29
global.js,16,js,8f5c760e,aarshiagupta,2025-04-18,18:37:02,-07:00,2025-04-18T18:37:02-07:00,1,57
global.js,17,js,8f5c760e,aarshiagupta,2025-04-18,18:37:02,-07:00,2025-04-18T18:37:02-07:00,0,0
global.js,18,js,8f5c760e,aarshiagupta,2025-04-18,18:37:02,-07:00,2025-04-18T18:37:02-07:00,0,0
global.js,19,js,8f5c760e,aarshiagupta,2025-04-18,18:37:02,-07:00,2025-04-18T18:37:02-07:00,0,38
global.js,20,js,8f5c760e,aarshiagupta,2025-04-18,18:37:02,-07:00,2025-04-18T18:37:02-07:00,0,8
global.js,21,js,8f5c760e,aarshiagupta,2025-04-18,18:37:02,-07:00,2025-04-18T18:37:02-07:00,1,20
global.js,22,js,8f5c760e,aarshiagupta,2025-04-18,18:37:02,-07:00,2025-04-18T18:37:02-07:00,2,14
global.js,23,js,8f5c760e,aarshiagupta,2025-04-18,18:37:02,-07:00,2025-04-18T18:37:02-07:00,2,28
global.js,24,js,8f5c760e,aarshiagupta,2025-04-18,18:37:02,-07:00,2025-04-18T18:37:02-07:00,3,20
global.js,25,js,8f5c760e,aarshiagupta,2025-04-18,18:37:02,-07:00,2025-04-18T18:37:02-07:00,2,0
global.js,26,js,8f5c760e,aarshiagupta,2025-04-18,18:37:02,-07:00,2025-04-18T18:37:02-07:00,0,0
global.js,27,js,8f5c760e,aarshiagupta,2025-04-18,18:37:02,-07:00,2025-04-18T18:37:02-07:00,2,34
global.js,28,js,8f5c760e,aarshiagupta,2025-04-18,18:37:02,-07:00,2025-04-18T18:37:02-07:00,2,11
global.js,29,js,8f5c760e,aarshiagupta,2025-04-18,18:37:02,-07:00,2025-04-18T18:37:02-07:00,2,22
global.js,30,js,8f5c760e,aarshiagupta,2025-04-18,18:37:02,-07:00,2025-04-18T18:37:02-07:00,0,0
global.js,31,js,8f5c760e,aarshiagupta,2025-04-18,18:37:02,-07:00,2025-04-18T18:37:02-07:00,2,90
global.js,32,js,8f5c760e,aarshiagupta,2025-04-18,18:37:02,-07:00,2025-04-18T18:37:02-07:00,0,0
global.js,33,js,8f5c760e,aarshiagupta,2025-04-18,18:37:02,-07:00,2025-04-18T18:37:02-07:00,2,52
global.js,34,js,8f5c760e,aarshiagupta,2025-04-18,18:37:02,-07:00,2025-04-18T18:37:02-07:00,0,0
global.js,35,js,8f5c760e,aarshiagupta,2025-04-18,18:37:02,-07:00,2025-04-18T18:37:02-07:00,2,12
global.js,36,js,8f5c760e,aarshiagupta,2025-04-18,18:37:02,-07:00,2025-04-18T18:37:02-07:00,1,0
global.js,37,js,8f5c760e,aarshiagupta,2025-04-18,18:37:02,-07:00,2025-04-18T18:37:02-07:00,0,0
global.js,38,js,8f5c760e,aarshiagupta,2025-04-18,18:37:02,-07:00,2025-04-18T18:37:02-07:00,0,0
global.js,39,js,8f5c760e,aarshiagupta,2025-04-18,18:37:02,-07:00,2025-04-18T18:37:02-07:00,0,31
global.js,40,js,8f5c760e,aarshiagupta,2025-04-18,18:37:02,-07:00,2025-04-18T18:37:02-07:00,2,11
global.js,41,js,8f5c760e,aarshiagupta,2025-04-18,18:37:02,-07:00,2025-04-18T18:37:02-07:00,2,0
global.js,42,js,8f5c760e,aarshiagupta,2025-04-18,18:37:02,-07:00,2025-04-18T18:37:02-07:00,2,26
global.js,43,js,8f5c760e,aarshiagupta,2025-04-18,18:37:02,-07:00,2025-04-18T18:37:02-07:00,3,4
global.js,44,js,8f5c760e,aarshiagupta,2025-04-18,18:37:02,-07:00,2025-04-18T18:37:02-07:00,3,6
global.js,45,js,8f5c760e,aarshiagupta,2025-04-18,18:37:02,-07:00,2025-04-18T18:37:02-07:00,4,43
global.js,46,js,8f5c760e,aarshiagupta,2025-04-18,18:37:02,-07:00,2025-04-18T18:37:02-07:00,4,34
global.js,47,js,8f5c760e,aarshiagupta,2025-04-18,18:37:02,-07:00,2025-04-18T18:37:02-07:00,4,32
global.js,48,js,8f5c760e,aarshiagupta,2025-04-18,18:37:02,-07:00,2025-04-18T18:37:02-07:00,3,7
global.js,49,js,8f5c760e,aarshiagupta,2025-04-18,18:37:02,-07:00,2025-04-18T18:37:02-07:00,2,6
global.js,50,js,8f5c760e,aarshiagupta,2025-04-18,18:37:02,-07:00,2025-04-18T18:37:02-07:00,2,0
global.js,51,js,8f5c760e,aarshiagupta,2025-04-18,18:37:02,-07:00,2025-04-18T18:37:02-07:00,0,0
global.js,52,js,8f5c760e,aarshiagupta,2025-04-18,18:37:02,-07:00,2025-04-18T18:37:02-07:00,0,0
global.js,53,js,8f5c760e,aarshiagupta,2025-04-18,18:37:02,-07:00,2025-04-18T18:37:02-07:00,0,58
global.js,54,js,8f5c760e,aarshiagupta,2025-04-18,18:37:02,-07:00,2025-04-18T18:37:02-07:00,0,0
global.js,55,js,8f5c760e,aarshiagupta,2025-04-18,18:37:02,-07:00,2025-04-18T18:37:02-07:00,0,30
global.js,56,js,8f5c760e,aarshiagupta,2025-04-18,18:37:02,-07:00,2025-04-18T18:37:02-07:00,2,64
global.js,57,js,8f5c760e,aarshiagupta,2025-04-18,18:37:02,-07:00,2025-04-18T18:37:02-07:00,2,19
global.js,58,js,8f5c760e,aarshiagupta,2025-04-18,18:37:02,-07:00,2025-04-18T18:37:02-07:00,2,31
global.js,59,js,8f5c760e,aarshiagupta,2025-04-18,18:37:02,-07:00,2025-04-18T18:37:02-07:00,0,0
global.js,60,js,8f5c760e,aarshiagupta,2025-04-18,18:37:02,-07:00,2025-04-18T18:37:02-07:00,0,0
global.js,61,js,8f5c760e,aarshiagupta,2025-04-18,18:37:02,-07:00,2025-04-18T18:37:02-07:00,0,70
global.js,62,js,8f5c760e,aarshiagupta,2025-04-18,18:37:02,-07:00,2025-04-18T18:37:02-07:00,0,0
global.js,63,js,8f5c760e,aarshiagupta,2025-04-18,18:37:02,-07:00,2025-04-18T18:37:02-07:00,0,34
global.js,64,js,8f5c760e,aarshiagupta,2025-04-18,18:37:02,-07:00,2025-04-18T18:37:02-07:00,1,39
global.js,65,js,8f5c760e,aarshiagupta,2025-04-18,18:37:02,-07:00,2025-04-18T18:37:02-07:00,0,0
global.js,66,js,8f5c760e,aarshiagupta,2025-04-18,18:37:02,-07:00,2025-04-18T18:37:02-07:00,0,0
global.js,67,js,8f5c760e,aarshiagupta,2025-04-18,18:37:02,-07:00,2025-04-18T18:37:02-07:00,0,49
global.js,68,js,8f5c760e,aarshiagupta,2025-04-18,18:37:02,-07:00,2025-04-18T18:37:02-07:00,0,0
global.js,69,js,8f5c760e,aarshiagupta,2025-04-18,18:37:02,-07:00,2025-04-18T18:37:02-07:00,0,49
global.js,70,js,f2f25d97,aarshiagupta,2025-04-18,18:53:08,-07:00,2025-04-18T18:53:08-07:00,1,21
global.js,71,js,8f5c760e,aarshiagupta,2025-04-18,18:37:02,-07:00,2025-04-18T18:37:02-07:00,0,0
global.js,72,js,8f5c760e,aarshiagupta,2025-04-18,18:37:02,-07:00,2025-04-18T18:37:02-07:00,1,28
global.js,73,js,8f5c760e,aarshiagupta,2025-04-18,18:37:02,-07:00,2025-04-18T18:37:02-07:00,1,14
global.js,74,js,8f5c760e,aarshiagupta,2025-04-18,18:37:02,-07:00,2025-04-18T18:37:02-07:00,0,0
global.js,75,js,8f5c760e,aarshiagupta,2025-04-18,18:37:02,-07:00,2025-04-18T18:37:02-07:00,1,31
global.js,76,js,8f5c760e,aarshiagupta,2025-04-18,18:37:02,-07:00,2025-04-18T18:37:02-07:00,2,70
global.js,77,js,8f5c760e,aarshiagupta,2025-04-18,18:37:02,-07:00,2025-04-18T18:37:02-07:00,1,0
global.js,78,js,8f5c760e,aarshiagupta,2025-04-18,18:37:02,-07:00,2025-04-18T18:37:02-07:00,0,0
global.js,79,js,8f5c760e,aarshiagupta,2025-04-18,18:37:02,-07:00,2025-04-18T18:37:02-07:00,1,48
global.js,80,js,8f5c760e,aarshiagupta,2025-04-18,18:37:02,-07:00,2025-04-18T18:37:02-07:00,1,21
global.js,81,js,8f5c760e,aarshiagupta,2025-04-18,18:37:02,-07:00,2025-04-18T18:37:02-07:00,0,1
global.js,82,js,8f5c760e,aarshiagupta,2025-04-18,18:37:02,-07:00,2025-04-18T18:37:02-07:00,0,0
global.js,83,js,58e4a1a1,aarshiagupta,2025-04-25,23:54:00,-07:00,2025-04-25T23:54:00-07:00,0,36
global.js,84,js,58e4a1a1,aarshiagupta,2025-04-25,23:54:00,-07:00,2025-04-25T23:54:00-07:00,1,3
global.js,85,js,58e4a1a1,aarshiagupta,2025-04-25,23:54:00,-07:00,2025-04-25T23:54:00-07:00,2,32
global.js,86,js,58e4a1a1,aarshiagupta,2025-04-25,23:54:00,-07:00,2025-04-25T23:54:00-07:00,2,20
global.js,87,js,58e4a1a1,aarshiagupta,2025-04-25,23:54:00,-07:00,2025-04-25T23:54:00-07:00,2,17
global.js,88,js,58e4a1a1,aarshiagupta,2025-04-25,23:54:00,-07:00,2025-04-25T23:54:00-07:00,3,57
global.js,89,js,58e4a1a1,aarshiagupta,2025-04-25,23:54:00,-07:00,2025-04-25T23:54:00-07:00,2,0
global.js,90,js,58e4a1a1,aarshiagupta,2025-04-25,23:54:00,-07:00,2025-04-25T23:54:00-07:00,2,27
global.js,91,js,58e4a1a1,aarshiagupta,2025-04-25,23:54:00,-07:00,2025-04-25T23:54:00-07:00,1,13
global.js,92,js,58e4a1a1,aarshiagupta,2025-04-25,23:54:00,-07:00,2025-04-25T23:54:00-07:00,2,17
global.js,93,js,58e4a1a1,aarshiagupta,2025-04-25,23:54:00,-07:00,2025-04-25T23:54:00-07:00,2,8
global.js,94,js,58e4a1a1,aarshiagupta,2025-04-25,23:54:00,-07:00,2025-04-25T23:54:00-07:00,1,0
global.js,95,js,58e4a1a1,aarshiagupta,2025-04-25,23:54:00,-07:00,2025-04-25T23:54:00-07:00,0,0
global.js,96,js,58e4a1a1,aarshiagupta,2025-04-25,23:54:00,-07:00,2025-04-25T23:54:00-07:00,0,47
global.js,97,js,58e4a1a1,aarshiagupta,2025-04-25,23:54:00,-07:00,2025-04-25T23:54:00-07:00,1,0
global.js,98,js,58e4a1a1,aarshiagupta,2025-04-25,23:54:00,-07:00,2025-04-25T23:54:00-07:00,1,59
global.js,99,js,58e4a1a1,aarshiagupta,2025-04-25,23:54:00,-07:00,2025-04-25T23:54:00-07:00,0,0
global.js,100,js,8f5c760e,aarshiagupta,2025-04-18,18:37:02,-07:00,2025-04-18T18:37:02-07:00,0,0
global.js,101,js,58e4a1a1,aarshiagupta,2025-04-25,23:54:00,-07:00,2025-04-25T23:54:00-07:00,0,72
global.js,102,js,58e4a1a1,aarshiagupta,2025-04-25,23:54:00,-07:00,2025-04-25T23:54:00-07:00,1,23
global.js,103,js,58e4a1a1,aarshiagupta,2025-04-25,23:54:00,-07:00,2025-04-25T23:54:00-07:00,1,21
global.js,104,js,58e4a1a1,aarshiagupta,2025-04-25,23:54:00,-07:00,2025-04-25T23:54:00-07:00,2,48
global.js,105,js,58e4a1a1,aarshiagupta,2025-04-25,23:54:00,-07:00,2025-04-25T23:54:00-07:00,2,19
global.js,106,js,58e4a1a1,aarshiagupta,2025-04-25,23:54:00,-07:00,2025-04-25T23:54:00-07:00,3,43
global.js,107,js,a9e6ae32,aarshiagupta,2025-05-02,20:34:12,-07:00,2025-05-02T20:34:12-07:00,3,47
global.js,108,js,a9e6ae32,aarshiagupta,2025-05-02,20:34:12,-07:00,2025-05-02T20:34:12-07:00,3,24
global.js,109,js,a9e6ae32,aarshiagupta,2025-05-02,20:34:12,-07:00,2025-05-02T20:34:12-07:00,4,21
global.js,110,js,a9e6ae32,aarshiagupta,2025-05-02,20:34:12,-07:00,2025-05-02T20:34:12-07:00,4,37
global.js,111,js,a9e6ae32,aarshiagupta,2025-05-02,20:34:12,-07:00,2025-05-02T20:34:12-07:00,3,4
global.js,112,js,58e4a1a1,aarshiagupta,2025-04-25,23:54:00,-07:00,2025-04-25T23:54:00-07:00,2,0
global.js,113,js,58e4a1a1,aarshiagupta,2025-04-25,23:54:00,-07:00,2025-04-25T23:54:00-07:00,2,29
global.js,114,js,58e4a1a1,aarshiagupta,2025-04-25,23:54:00,-07:00,2025-04-25T23:54:00-07:00,1,1
global.js,115,js,58e4a1a1,aarshiagupta,2025-04-25,23:54:00,-07:00,2025-04-25T23:54:00-07:00,0,0
resume/index.html,1,html,5e5061e7,aarshiagupta,2025-04-04,21:11:08,-07:00,2025-04-04T21:11:08-07:00,0,13
resume/index.html,2,html,5e5061e7,aarshiagupta,2025-04-04,21:11:08,-07:00,2025-04-04T21:11:08-07:00,0,14
resume/index.html,3,html,5e5061e7,aarshiagupta,2025-04-04,21:11:08,-07:00,2025-04-04T21:11:08-07:00,0,4
resume/index.html,4,html,5e5061e7,aarshiagupta,2025-04-04,21:11:08,-07:00,2025-04-04T21:11:08-07:00,1,20
resume/index.html,5,html,5e5061e7,aarshiagupta,2025-04-04,21:11:08,-07:00,2025-04-04T21:11:08-07:00,1,68
resume/index.html,6,html,5e5061e7,aarshiagupta,2025-04-04,21:11:08,-07:00,2025-04-04T21:11:08-07:00,1,35
resume/index.html,7,html,5e5061e7,aarshiagupta,2025-04-04,21:11:08,-07:00,2025-04-04T21:11:08-07:00,1,41
resume/index.html,8,html,8f5c760e,aarshiagupta,2025-04-18,18:37:02,-07:00,2025-04-18T18:37:02-07:00,1,48
resume/index.html,9,html,8f5c760e,aarshiagupta,2025-04-18,18:37:02,-07:00,2025-04-18T18:37:02-07:00,0,0
resume/index.html,10,html,5e5061e7,aarshiagupta,2025-04-04,21:11:08,-07:00,2025-04-04T21:11:08-07:00,0,5
resume/index.html,11,html,5e5061e7,aarshiagupta,2025-04-04,21:11:08,-07:00,2025-04-04T21:11:08-07:00,0,4
resume/index.html,12,html,8f5c760e,aarshiagupta,2025-04-18,18:37:02,-07:00,2025-04-18T18:37:02-07:00,0,0
resume/index.html,13,html,8f5c760e,aarshiagupta,2025-04-18,18:37:02,-07:00,2025-04-18T18:37:02-07:00,1,3
resume/index.html,14,html,5e5061e7,aarshiagupta,2025-04-04,21:11:08,-07:00,2025-04-04T21:11:08-07:00,1,4
resume/index.html,15,html,5e5061e7,aarshiagupta,2025-04-04,21:11:08,-07:00,2025-04-04T21:11:08-07:00,0,0
resume/index.html,16,html,5e5061e7,aarshiagupta,2025-04-04,21:11:08,-07:00,2025-04-04T21:11:08-07:00,1,13
resume/index.html,17,html,5e5061e7,aarshiagupta,2025-04-04,21:11:08,-07:00,2025-04-04T21:11:08-07:00,0,0
resume/index.html,18,html,5e5061e7,aarshiagupta,2025-04-04,21:11:08,-07:00,2025-04-04T21:11:08-07:00,1,7
resume/index.html,19,html,5e5061e7,aarshiagupta,2025-04-04,21:11:08,-07:00,2025-04-04T21:11:08-07:00,2,16
resume/index.html,20,html,5e5061e7,aarshiagupta,2025-04-04,21:11:08,-07:00,2025-04-04T21:11:08-07:00,2,7
resume/index.html,21,html,5e5061e7,aarshiagupta,2025-04-04,21:11:08,-07:00,2025-04-04T21:11:08-07:00,3,41
resume/index.html,22,html,bb5838f3,aarshiagupta,2025-04-11,20:15:24,-07:00,2025-04-11T20:15:24-07:00,3,85
resume/index.html,23,html,5e5061e7,aarshiagupta,2025-04-04,21:11:08,-07:00,2025-04-04T21:11:08-07:00,3,102
resume/index.html,24,html,bb5838f3,aarshiagupta,2025-04-11,20:15:24,-07:00,2025-04-11T20:15:24-07:00,3,43
resume/index.html,25,html,5e5061e7,aarshiagupta,2025-04-04,21:11:08,-07:00,2025-04-04T21:11:08-07:00,2,8
resume/index.html,26,html,5e5061e7,aarshiagupta,2025-04-04,21:11:08,-07:00,2025-04-04T21:11:08-07:00,1,8
resume/index.html,27,html,5e5061e7,aarshiagupta,2025-04-04,21:11:08,-07:00,2025-04-04T21:11:08-07:00,0,0
resume/index.html,28,html,5e5061e7,aarshiagupta,2025-04-04,21:11:08,-07:00,2025-04-04T21:11:08-07:00,1,7
resume/index.html,29,html,5e5061e7,aarshiagupta,2025-04-04,21:11:08,-07:00,2025-04-04T21:11:08-07:00,2,17
resume/index.html,30,html,5e5061e7,aarshiagupta,2025-04-04,21:11:08,-07:00,2025-04-04T21:11:08-07:00,0,0
resume/index.html,31,html,5e5061e7,aarshiagupta,2025-04-04,21:11:08,-07:00,2025-04-04T21:11:08-07:00,2,7
resume/index.html,32,html,5e5061e7,aarshiagupta,2025-04-04,21:11:08,-07:00,2025-04-04T21:11:08-07:00,3,37
resume/index.html,33,html,bb5838f3,aarshiagupta,2025-04-11,20:15:24,-07:00,2025-04-11T20:15:24-07:00,3,68
resume/index.html,34,html,5e5061e7,aarshiagupta,2025-04-04,21:11:08,-07:00,2025-04-04T21:11:08-07:00,3,2
resume/index.html,35,html,5e5061e7,aarshiagupta,2025-04-04,21:11:08,-07:00,2025-04-04T21:11:08-07:00,4,116
resume/index.html,36,html,5e5061e7,aarshiagupta,2025-04-04,21:11:08,-07:00,2025-04-04T21:11:08-07:00,3,3
resume/index.html,37,html,5e5061e7,aarshiagupta,2025-04-04,21:11:08,-07:00,2025-04-04T21:11:08-07:00,2,8
resume/index.html,38,html,5e5061e7,aarshiagupta,2025-04-04,21:11:08,-07:00,2025-04-04T21:11:08-07:00,0,0
resume/index.html,39,html,5e5061e7,aarshiagupta,2025-04-04,21:11:08,-07:00,2025-04-04T21:11:08-07:00,2,7
resume/index.html,40,html,5e5061e7,aarshiagupta,2025-04-04,21:11:08,-07:00,2025-04-04T21:11:08-07:00,3,62
resume/index.html,41,html,bb5838f3,aarshiagupta,2025-04-11,20:15:24,-07:00,2025-04-11T20:15:24-07:00,3,84
resume/index.html,42,html,5e5061e7,aarshiagupta,2025-04-04,21:11:08,-07:00,2025-04-04T21:11:08-07:00,3,2
resume/index.html,43,html,5e5061e7,aarshiagupta,2025-04-04,21:11:08,-07:00,2025-04-04T21:11:08-07:00,4,107
resume/index.html,44,html,5e5061e7,aarshiagupta,2025-04-04,21:11:08,-07:00,2025-04-04T21:11:08-07:00,4,78
resume/index.html,45,html,5e5061e7,aarshiagupta,2025-04-04,21:11:08,-07:00,2025-04-04T21:11:08-07:00,3,3
resume/index.html,46,html,5e5061e7,aarshiagupta,2025-04-04,21:11:08,-07:00,2025-04-04T21:11:08-07:00,2,8
resume/index.html,47,html,5e5061e7,aarshiagupta,2025-04-04,21:11:08,-07:00,2025-04-04T21:11:08-07:00,0,0
resume/index.html,48,html,5e5061e7,aarshiagupta,2025-04-04,21:11:08,-07:00,2025-04-04T21:11:08-07:00,2,7
resume/index.html,49,html,5e5061e7,aarshiagupta,2025-04-04,21:11:08,-07:00,2025-04-04T21:11:08-07:00,3,48
resume/index.html,50,html,bb5838f3,aarshiagupta,2025-04-11,20:15:24,-07:00,2025-04-11T20:15:24-07:00,3,97
resume/index.html,51,html,5e5061e7,aarshiagupta,2025-04-04,21:11:08,-07:00,2025-04-04T21:11:08-07:00,3,2
resume/index.html,52,html,5e5061e7,aarshiagupta,2025-04-04,21:11:08,-07:00,2025-04-04T21:11:08-07:00,4,104
resume/index.html,53,html,5e5061e7,aarshiagupta,2025-04-04,21:11:08,-07:00,2025-04-04T21:11:08-07:00,3,3
resume/index.html,54,html,5e5061e7,aarshiagupta,2025-04-04,21:11:08,-07:00,2025-04-04T21:11:08-07:00,2,8
resume/index.html,55,html,5e5061e7,aarshiagupta,2025-04-04,21:11:08,-07:00,2025-04-04T21:11:08-07:00,1,8
resume/index.html,56,html,5e5061e7,aarshiagupta,2025-04-04,21:11:08,-07:00,2025-04-04T21:11:08-07:00,0,0
resume/index.html,57,html,5e5061e7,aarshiagupta,2025-04-04,21:11:08,-07:00,2025-04-04T21:11:08-07:00,1,7
resume/index.html,58,html,5e5061e7,aarshiagupta,2025-04-04,21:11:08,-07:00,2025-04-04T21:11:08-07:00,2,15
resume/index.html,59,html,5e5061e7,aarshiagupta,2025-04-04,21:11:08,-07:00,2025-04-04T21:11:08-07:00,2,2
resume/index.html,60,html,bb5838f3,aarshiagupta,2025-04-11,20:15:24,-07:00,2025-04-11T20:15:24-07:00,3,92
resume/index.html,61,html,5e5061e7,aarshiagupta,2025-04-04,21:11:08,-07:00,2025-04-04T21:11:08-07:00,4,70
resume/index.html,62,html,5e5061e7,aarshiagupta,2025-04-04,21:11:08,-07:00,2025-04-04T21:11:08-07:00,3,3
resume/index.html,63,html,bb5838f3,aarshiagupta,2025-04-11,20:15:24,-07:00,2025-04-11T20:15:24-07:00,3,99
resume/index.html,64,html,5e5061e7,aarshiagupta,2025-04-04,21:11:08,-07:00,2025-04-04T21:11:08-07:00,4,80
resume/index.html,65,html,5e5061e7,aarshiagupta,2025-04-04,21:11:08,-07:00,2025-04-04T21:11:08-07:00,3,3
resume/index.html,66,html,bb5838f3,aarshiagupta,2025-04-11,20:15:24,-07:00,2025-04-11T20:15:24-07:00,3,85
resume/index.html,67,html,5e5061e7,aarshiagupta,2025-04-04,21:11:08,-07:00,2025-04-04T21:11:08-07:00,4,79
resume/index.html,68,html,5e5061e7,aarshiagupta,2025-04-04,21:11:08,-07:00,2025-04-04T21:11:08-07:00,3,3
resume/index.html,69,html,bb5838f3,aarshiagupta,2025-04-11,20:15:24,-07:00,2025-04-11T20:15:24-07:00,3,95
resume/index.html,70,html,5e5061e7,aarshiagupta,2025-04-04,21:11:08,-07:00,2025-04-04T21:11:08-07:00,4,85
resume/index.html,71,html,5e5061e7,aarshiagupta,2025-04-04,21:11:08,-07:00,2025-04-04T21:11:08-07:00,3,3
resume/index.html,72,html,5e5061e7,aarshiagupta,2025-04-04,21:11:08,-07:00,2025-04-04T21:11:08-07:00,2,3
resume/index.html,73,html,5e5061e7,aarshiagupta,2025-04-04,21:11:08,-07:00,2025-04-04T21:11:08-07:00,1,8
resume/index.html,74,html,5e5061e7,aarshiagupta,2025-04-04,21:11:08,-07:00,2025-04-04T21:11:08-07:00,0,0
resume/index.html,75,html,5e5061e7,aarshiagupta,2025-04-04,21:11:08,-07:00,2025-04-04T21:11:08-07:00,1,7
resume/index.html,76,html,5e5061e7,aarshiagupta,2025-04-04,21:11:08,-07:00,2025-04-04T21:11:08-07:00,2,13
resume/index.html,77,html,5e5061e7,aarshiagupta,2025-04-04,21:11:08,-07:00,2025-04-04T21:11:08-07:00,2,2
resume/index.html,78,html,d903d8cb,aarshiagupta,2025-04-11,19:25:46,-07:00,2025-04-11T19:25:46-07:00,3,59
resume/index.html,79,html,d903d8cb,aarshiagupta,2025-04-11,19:25:46,-07:00,2025-04-11T19:25:46-07:00,3,85
resume/index.html,80,html,d903d8cb,aarshiagupta,2025-04-11,19:25:46,-07:00,2025-04-11T19:25:46-07:00,3,95
resume/index.html,81,html,d903d8cb,aarshiagupta,2025-04-11,19:25:46,-07:00,2025-04-11T19:25:46-07:00,3,104
resume/index.html,82,html,5e5061e7,aarshiagupta,2025-04-04,21:11:08,-07:00,2025-04-04T21:11:08-07:00,2,3
resume/index.html,83,html,5e5061e7,aarshiagupta,2025-04-04,21:11:08,-07:00,2025-04-04T21:11:08-07:00,1,8
resume/index.html,84,html,5e5061e7,aarshiagupta,2025-04-04,21:11:08,-07:00,2025-04-04T21:11:08-07:00,0,0
resume/index.html,85,html,5e5061e7,aarshiagupta,2025-04-04,21:11:08,-07:00,2025-04-04T21:11:08-07:00,0,5
resume/index.html,86,html,5e5061e7,aarshiagupta,2025-04-04,21:11:08,-07:00,2025-04-04T21:11:08-07:00,0,5
projects/projects.js,1,js,58e4a1a1,aarshiagupta,2025-04-25,23:54:00,-07:00,2025-04-25T23:54:00-07:00,0,55
projects/projects.js,2,js,a9e6ae32,aarshiagupta,2025-05-02,20:34:12,-07:00,2025-05-02T20:34:12-07:00,0,59
projects/projects.js,3,js,58e4a1a1,aarshiagupta,2025-04-25,23:54:00,-07:00,2025-04-25T23:54:00-07:00,0,0
projects/projects.js,4,js,a9e6ae32,aarshiagupta,2025-05-02,20:34:12,-07:00,2025-05-02T20:34:12-07:00,0,21
projects/projects.js,5,js,a9e6ae32,aarshiagupta,2025-05-02,20:34:12,-07:00,2025-05-02T20:34:12-07:00,0,0
projects/projects.js,6,js,a9e6ae32,aarshiagupta,2025-05-02,20:34:12,-07:00,2025-05-02T20:34:12-07:00,0,38
projects/projects.js,7,js,a9e6ae32,aarshiagupta,2025-05-02,20:34:12,-07:00,2025-05-02T20:34:12-07:00,1,55
projects/projects.js,8,js,a9e6ae32,aarshiagupta,2025-05-02,20:34:12,-07:00,2025-05-02T20:34:12-07:00,0,0
projects/projects.js,9,js,a9e6ae32,aarshiagupta,2025-05-02,20:34:12,-07:00,2025-05-02T20:34:12-07:00,1,27
projects/projects.js,10,js,a9e6ae32,aarshiagupta,2025-05-02,20:34:12,-07:00,2025-05-02T20:34:12-07:00,1,29
projects/projects.js,11,js,a9e6ae32,aarshiagupta,2025-05-02,20:34:12,-07:00,2025-05-02T20:34:12-07:00,0,0
projects/projects.js,12,js,a9e6ae32,aarshiagupta,2025-05-02,20:34:12,-07:00,2025-05-02T20:34:12-07:00,1,34
projects/projects.js,13,js,a9e6ae32,aarshiagupta,2025-05-02,20:34:12,-07:00,2025-05-02T20:34:12-07:00,1,30
projects/projects.js,14,js,a9e6ae32,aarshiagupta,2025-05-02,20:34:12,-07:00,2025-05-02T20:34:12-07:00,0,0
projects/projects.js,15,js,a9e6ae32,aarshiagupta,2025-05-02,20:34:12,-07:00,2025-05-02T20:34:12-07:00,1,71
projects/projects.js,16,js,a9e6ae32,aarshiagupta,2025-05-02,20:34:12,-07:00,2025-05-02T20:34:12-07:00,1,81
projects/projects.js,17,js,a9e6ae32,aarshiagupta,2025-05-02,20:34:12,-07:00,2025-05-02T20:34:12-07:00,0,0
projects/projects.js,18,js,a9e6ae32,aarshiagupta,2025-05-02,20:34:12,-07:00,2025-05-02T20:34:12-07:00,1,59
projects/projects.js,19,js,a9e6ae32,aarshiagupta,2025-05-02,20:34:12,-07:00,2025-05-02T20:34:12-07:00,1,39
projects/projects.js,20,js,a9e6ae32,aarshiagupta,2025-05-02,20:34:12,-07:00,2025-05-02T20:34:12-07:00,1,27
projects/projects.js,21,js,a9e6ae32,aarshiagupta,2025-05-02,20:34:12,-07:00,2025-05-02T20:34:12-07:00,0,0
projects/projects.js,22,js,a9e6ae32,aarshiagupta,2025-05-02,20:34:12,-07:00,2025-05-02T20:34:12-07:00,1,30
projects/projects.js,23,js,a9e6ae32,aarshiagupta,2025-05-02,20:34:12,-07:00,2025-05-02T20:34:12-07:00,2,32
projects/projects.js,24,js,a9e6ae32,aarshiagupta,2025-05-02,20:34:12,-07:00,2025-05-02T20:34:12-07:00,2,26
projects/projects.js,25,js,a9e6ae32,aarshiagupta,2025-05-02,20:34:12,-07:00,2025-05-02T20:34:12-07:00,0,0
projects/projects.js,26,js,a9e6ae32,aarshiagupta,2025-05-02,20:34:12,-07:00,2025-05-02T20:34:12-07:00,1,12
projects/projects.js,27,js,a9e6ae32,aarshiagupta,2025-05-02,20:34:12,-07:00,2025-05-02T20:34:12-07:00,1,19
projects/projects.js,28,js,a9e6ae32,aarshiagupta,2025-05-02,20:34:12,-07:00,2025-05-02T20:34:12-07:00,2,12
projects/projects.js,29,js,a9e6ae32,aarshiagupta,2025-05-02,20:34:12,-07:00,2025-05-02T20:34:12-07:00,2,6
projects/projects.js,30,js,a9e6ae32,aarshiagupta,2025-05-02,20:34:12,-07:00,2025-05-02T20:34:12-07:00,2,13
projects/projects.js,31,js,a9e6ae32,aarshiagupta,2025-05-02,20:34:12,-07:00,2025-05-02T20:34:12-07:00,2,22
projects/projects.js,32,js,a9e6ae32,aarshiagupta,2025-05-02,20:34:12,-07:00,2025-05-02T20:34:12-07:00,2,38
projects/projects.js,33,js,a9e6ae32,aarshiagupta,2025-05-02,20:34:12,-07:00,2025-05-02T20:34:12-07:00,2,22
projects/projects.js,34,js,a9e6ae32,aarshiagupta,2025-05-02,20:34:12,-07:00,2025-05-02T20:34:12-07:00,2,22
projects/projects.js,35,js,a9e6ae32,aarshiagupta,2025-05-02,20:34:12,-07:00,2025-05-02T20:34:12-07:00,2,65
projects/projects.js,36,js,a9e6ae32,aarshiagupta,2025-05-02,20:34:12,-07:00,2025-05-02T20:34:12-07:00,2,25
projects/projects.js,37,js,a9e6ae32,aarshiagupta,2025-05-02,20:34:12,-07:00,2025-05-02T20:34:12-07:00,3,43
projects/projects.js,38,js,a9e6ae32,aarshiagupta,2025-05-02,20:34:12,-07:00,2025-05-02T20:34:12-07:00,1,0
projects/projects.js,39,js,a9e6ae32,aarshiagupta,2025-05-02,20:34:12,-07:00,2025-05-02T20:34:12-07:00,3,19
projects/projects.js,40,js,a9e6ae32,aarshiagupta,2025-05-02,20:34:12,-07:00,2025-05-02T20:34:12-07:00,4,66
projects/projects.js,41,js,a9e6ae32,aarshiagupta,2025-05-02,20:34:12,-07:00,2025-05-02T20:34:12-07:00,1,0
projects/projects.js,42,js,a9e6ae32,aarshiagupta,2025-05-02,20:34:12,-07:00,2025-05-02T20:34:12-07:00,3,20
projects/projects.js,43,js,a9e6ae32,aarshiagupta,2025-05-02,20:34:12,-07:00,2025-05-02T20:34:12-07:00,4,66
projects/projects.js,44,js,a9e6ae32,aarshiagupta,2025-05-02,20:34:12,-07:00,2025-05-02T20:34:12-07:00,1,0
projects/projects.js,45,js,a9e6ae32,aarshiagupta,2025-05-02,20:34:12,-07:00,2025-05-02T20:34:12-07:00,3,52
projects/projects.js,46,js,a9e6ae32,aarshiagupta,2025-05-02,20:34:12,-07:00,2025-05-02T20:34:12-07:00,3,25
projects/projects.js,47,js,a9e6ae32,aarshiagupta,2025-05-02,20:34:12,-07:00,2025-05-02T20:34:12-07:00,4,45
projects/projects.js,48,js,a9e6ae32,aarshiagupta,2025-05-02,20:34:12,-07:00,2025-05-02T20:34:12-07:00,3,6
projects/projects.js,49,js,a9e6ae32,aarshiagupta,2025-05-02,20:34:12,-07:00,2025-05-02T20:34:12-07:00,4,53
projects/projects.js,50,js,a9e6ae32,aarshiagupta,2025-05-02,20:34:12,-07:00,2025-05-02T20:34:12-07:00,4,66
projects/projects.js,51,js,a9e6ae32,aarshiagupta,2025-05-02,20:34:12,-07:00,2025-05-02T20:34:12-07:00,4,40
projects/projects.js,52,js,a9e6ae32,aarshiagupta,2025-05-02,20:34:12,-07:00,2025-05-02T20:34:12-07:00,3,0
projects/projects.js,53,js,a9e6ae32,aarshiagupta,2025-05-02,20:34:12,-07:00,2025-05-02T20:34:12-07:00,2,0
projects/projects.js,54,js,a9e6ae32,aarshiagupta,2025-05-02,20:34:12,-07:00,2025-05-02T20:34:12-07:00,2,32
projects/projects.js,55,js,a9e6ae32,aarshiagupta,2025-05-02,20:34:12,-07:00,2025-05-02T20:34:12-07:00,3,31
projects/projects.js,56,js,a9e6ae32,aarshiagupta,2025-05-02,20:34:12,-07:00,2025-05-02T20:34:12-07:00,3,35
projects/projects.js,57,js,a9e6ae32,aarshiagupta,2025-05-02,20:34:12,-07:00,2025-05-02T20:34:12-07:00,1,0
projects/projects.js,58,js,a9e6ae32,aarshiagupta,2025-05-02,20:34:12,-07:00,2025-05-02T20:34:12-07:00,3,36
projects/projects.js,59,js,a9e6ae32,aarshiagupta,2025-05-02,20:34:12,-07:00,2025-05-02T20:34:12-07:00,3,20
projects/projects.js,60,js,a9e6ae32,aarshiagupta,2025-05-02,20:34:12,-07:00,2025-05-02T20:34:12-07:00,4,35
projects/projects.js,61,js,a9e6ae32,aarshiagupta,2025-05-02,20:34:12,-07:00,2025-05-02T20:34:12-07:00,4,28
projects/projects.js,62,js,a9e6ae32,aarshiagupta,2025-05-02,20:34:12,-07:00,2025-05-02T20:34:12-07:00,1,0
projects/projects.js,63,js,a9e6ae32,aarshiagupta,2025-05-02,20:34:12,-07:00,2025-05-02T20:34:12-07:00,3,65
projects/projects.js,64,js,a9e6ae32,aarshiagupta,2025-05-02,20:34:12,-07:00,2025-05-02T20:34:12-07:00,3,66
projects/projects.js,65,js,a9e6ae32,aarshiagupta,2025-05-02,20:34:12,-07:00,2025-05-02T20:34:12-07:00,2,0
projects/projects.js,66,js,a9e6ae32,aarshiagupta,2025-05-02,20:34:12,-07:00,2025-05-02T20:34:12-07:00,2,31
projects/projects.js,67,js,a9e6ae32,aarshiagupta,2025-05-02,20:34:12,-07:00,2025-05-02T20:34:12-07:00,3,33
projects/projects.js,68,js,a9e6ae32,aarshiagupta,2025-05-02,20:34:12,-07:00,2025-05-02T20:34:12-07:00,1,0
projects/projects.js,69,js,a9e6ae32,aarshiagupta,2025-05-02,20:34:12,-07:00,2025-05-02T20:34:12-07:00,3,19
projects/projects.js,70,js,a9e6ae32,aarshiagupta,2025-05-02,20:34:12,-07:00,2025-05-02T20:34:12-07:00,3,51
projects/projects.js,71,js,a9e6ae32,aarshiagupta,2025-05-02,20:34:12,-07:00,2025-05-02T20:34:12-07:00,1,0
projects/projects.js,72,js,a9e6ae32,aarshiagupta,2025-05-02,20:34:12,-07:00,2025-05-02T20:34:12-07:00,3,48
projects/projects.js,73,js,a9e6ae32,aarshiagupta,2025-05-02,20:34:12,-07:00,2025-05-02T20:34:12-07:00,3,52
projects/projects.js,74,js,a9e6ae32,aarshiagupta,2025-05-02,20:34:12,-07:00,2025-05-02T20:34:12-07:00,3,25
projects/projects.js,75,js,a9e6ae32,aarshiagupta,2025-05-02,20:34:12,-07:00,2025-05-02T20:34:12-07:00,4,45
projects/projects.js,76,js,a9e6ae32,aarshiagupta,2025-05-02,20:34:12,-07:00,2025-05-02T20:34:12-07:00,3,6
projects/projects.js,77,js,a9e6ae32,aarshiagupta,2025-05-02,20:34:12,-07:00,2025-05-02T20:34:12-07:00,4,53
projects/projects.js,78,js,a9e6ae32,aarshiagupta,2025-05-02,20:34:12,-07:00,2025-05-02T20:34:12-07:00,4,66
projects/projects.js,79,js,a9e6ae32,aarshiagupta,2025-05-02,20:34:12,-07:00,2025-05-02T20:34:12-07:00,4,40
projects/projects.js,80,js,a9e6ae32,aarshiagupta,2025-05-02,20:34:12,-07:00,2025-05-02T20:34:12-07:00,3,0
projects/projects.js,81,js,a9e6ae32,aarshiagupta,2025-05-02,20:34:12,-07:00,2025-05-02T20:34:12-07:00,2,1
projects/projects.js,82,js,a9e6ae32,aarshiagupta,2025-05-02,20:34:12,-07:00,2025-05-02T20:34:12-07:00,0,0
projects/projects.js,83,js,a9e6ae32,aarshiagupta,2025-05-02,20:34:12,-07:00,2025-05-02T20:34:12-07:00,1,12
projects/projects.js,84,js,a9e6ae32,aarshiagupta,2025-05-02,20:34:12,-07:00,2025-05-02T20:34:12-07:00,1,20
projects/projects.js,85,js,a9e6ae32,aarshiagupta,2025-05-02,20:34:12,-07:00,2025-05-02T20:34:12-07:00,2,12
projects/projects.js,86,js,a9e6ae32,aarshiagupta,2025-05-02,20:34:12,-07:00,2025-05-02T20:34:12-07:00,2,6
projects/projects.js,87,js,a9e6ae32,aarshiagupta,2025-05-02,20:34:12,-07:00,2025-05-02T20:34:12-07:00,2,11
projects/projects.js,88,js,a9e6ae32,aarshiagupta,2025-05-02,20:34:12,-07:00,2025-05-02T20:34:12-07:00,2,65
projects/projects.js,89,js,a9e6ae32,aarshiagupta,2025-05-02,20:34:12,-07:00,2025-05-02T20:34:12-07:00,2,48
projects/projects.js,90,js,a9e6ae32,aarshiagupta,2025-05-02,20:34:12,-07:00,2025-05-02T20:34:12-07:00,2,73
projects/projects.js,91,js,a9e6ae32,aarshiagupta,2025-05-02,20:34:12,-07:00,2025-05-02T20:34:12-07:00,2,25
projects/projects.js,92,js,a9e6ae32,aarshiagupta,2025-05-02,20:34:12,-07:00,2025-05-02T20:34:12-07:00,3,43
projects/projects.js,93,js,a9e6ae32,aarshiagupta,2025-05-02,20:34:12,-07:00,2025-05-02T20:34:12-07:00,2,0
projects/projects.js,94,js,a9e6ae32,aarshiagupta,2025-05-02,20:34:12,-07:00,2025-05-02T20:34:12-07:00,3,19
projects/projects.js,95,js,a9e6ae32,aarshiagupta,2025-05-02,20:34:12,-07:00,2025-05-02T20:34:12-07:00,4,66
projects/projects.js,96,js,a9e6ae32,aarshiagupta,2025-05-02,20:34:12,-07:00,2025-05-02T20:34:12-07:00,2,0
projects/projects.js,97,js,a9e6ae32,aarshiagupta,2025-05-02,20:34:12,-07:00,2025-05-02T20:34:12-07:00,3,20
projects/projects.js,98,js,a9e6ae32,aarshiagupta,2025-05-02,20:34:12,-07:00,2025-05-02T20:34:12-07:00,4,66
projects/projects.js,99,js,a9e6ae32,aarshiagupta,2025-05-02,20:34:12,-07:00,2025-05-02T20:34:12-07:00,2,0
projects/projects.js,100,js,a9e6ae32,aarshiagupta,2025-05-02,20:34:12,-07:00,2025-05-02T20:34:12-07:00,3,52
projects/projects.js,101,js,a9e6ae32,aarshiagupta,2025-05-02,20:34:12,-07:00,2025-05-02T20:34:12-07:00,3,25
projects/projects.js,102,js,a9e6ae32,aarshiagupta,2025-05-02,20:34:12,-07:00,2025-05-02T20:34:12-07:00,4,45
projects/projects.js,103,js,a9e6ae32,aarshiagupta,2025-05-02,20:34:12,-07:00,2025-05-02T20:34:12-07:00,3,6
projects/projects.js,104,js,a9e6ae32,aarshiagupta,2025-05-02,20:34:12,-07:00,2025-05-02T20:34:12-07:00,4,48
projects/projects.js,105,js,a9e6ae32,aarshiagupta,2025-05-02,20:34:12,-07:00,2025-05-02T20:34:12-07:00,4,66
projects/projects.js,106,js,a9e6ae32,aarshiagupta,2025-05-02,20:34:12,-07:00,2025-05-02T20:34:12-07:00,4,40
projects/projects.js,107,js,a9e6ae32,aarshiagupta,2025-05-02,20:34:12,-07:00,2025-05-02T20:34:12-07:00,3,0
projects/projects.js,108,js,a9e6ae32,aarshiagupta,2025-05-02,20:34:12,-07:00,2025-05-02T20:34:12-07:00,2,0
projects/projects.js,109,js,a9e6ae32,aarshiagupta,2025-05-02,20:34:12,-07:00,2025-05-02T20:34:12-07:00,2,32
projects/projects.js,110,js,a9e6ae32,aarshiagupta,2025-05-02,20:34:12,-07:00,2025-05-02T20:34:12-07:00,3,22
projects/projects.js,111,js,a9e6ae32,aarshiagupta,2025-05-02,20:34:12,-07:00,2025-05-02T20:34:12-07:00,3,19
projects/projects.js,112,js,a9e6ae32,aarshiagupta,2025-05-02,20:34:12,-07:00,2025-05-02T20:34:12-07:00,4,36
projects/projects.js,113,js,a9e6ae32,aarshiagupta,2025-05-02,20:34:12,-07:00,2025-05-02T20:34:12-07:00,4,20
projects/projects.js,114,js,a9e6ae32,aarshiagupta,2025-05-02,20:34:12,-07:00,2025-05-02T20:34:12-07:00,2,0
projects/projects.js,115,js,a9e6ae32,aarshiagupta,2025-05-02,20:34:12,-07:00,2025-05-02T20:34:12-07:00,3,27
projects/projects.js,116,js,a9e6ae32,aarshiagupta,2025-05-02,20:34:12,-07:00,2025-05-02T20:34:12-07:00,3,43
projects/projects.js,117,js,a9e6ae32,aarshiagupta,2025-05-02,20:34:12,-07:00,2025-05-02T20:34:12-07:00,2,0
projects/projects.js,118,js,a9e6ae32,aarshiagupta,2025-05-02,20:34:12,-07:00,2025-05-02T20:34:12-07:00,3,16
projects/projects.js,119,js,a9e6ae32,aarshiagupta,2025-05-02,20:34:12,-07:00,2025-05-02T20:34:12-07:00,3,61
projects/projects.js,120,js,a9e6ae32,aarshiagupta,2025-05-02,20:34:12,-07:00,2025-05-02T20:34:12-07:00,3,66
projects/projects.js,121,js,a9e6ae32,aarshiagupta,2025-05-02,20:34:12,-07:00,2025-05-02T20:34:12-07:00,2,0
projects/projects.js,122,js,a9e6ae32,aarshiagupta,2025-05-02,20:34:12,-07:00,2025-05-02T20:34:12-07:00,2,31
projects/projects.js,123,js,a9e6ae32,aarshiagupta,2025-05-02,20:34:12,-07:00,2025-05-02T20:34:12-07:00,3,19
projects/projects.js,124,js,a9e6ae32,aarshiagupta,2025-05-02,20:34:12,-07:00,2025-05-02T20:34:12-07:00,4,36
projects/projects.js,125,js,a9e6ae32,aarshiagupta,2025-05-02,20:34:12,-07:00,2025-05-02T20:34:12-07:00,4,18
projects/projects.js,126,js,a9e6ae32,aarshiagupta,2025-05-02,20:34:12,-07:00,2025-05-02T20:34:12-07:00,2,0
projects/projects.js,127,js,a9e6ae32,aarshiagupta,2025-05-02,20:34:12,-07:00,2025-05-02T20:34:12-07:00,3,44
projects/projects.js,128,js,a9e6ae32,aarshiagupta,2025-05-02,20:34:12,-07:00,2025-05-02T20:34:12-07:00,2,0
projects/projects.js,129,js,a9e6ae32,aarshiagupta,2025-05-02,20:34:12,-07:00,2025-05-02T20:34:12-07:00,3,52
projects/projects.js,130,js,a9e6ae32,aarshiagupta,2025-05-02,20:34:12,-07:00,2025-05-02T20:34:12-07:00,3,25
projects/projects.js,131,js,a9e6ae32,aarshiagupta,2025-05-02,20:34:12,-07:00,2025-05-02T20:34:12-07:00,4,45
projects/projects.js,132,js,a9e6ae32,aarshiagupta,2025-05-02,20:34:12,-07:00,2025-05-02T20:34:12-07:00,3,6
projects/projects.js,133,js,a9e6ae32,aarshiagupta,2025-05-02,20:34:12,-07:00,2025-05-02T20:34:12-07:00,4,48
projects/projects.js,134,js,a9e6ae32,aarshiagupta,2025-05-02,20:34:12,-07:00,2025-05-02T20:34:12-07:00,4,66
projects/projects.js,135,js,a9e6ae32,aarshiagupta,2025-05-02,20:34:12,-07:00,2025-05-02T20:34:12-07:00,4,40
projects/projects.js,136,js,a9e6ae32,aarshiagupta,2025-05-02,20:34:12,-07:00,2025-05-02T20:34:12-07:00,3,0
projects/projects.js,137,js,a9e6ae32,aarshiagupta,2025-05-02,20:34:12,-07:00,2025-05-02T20:34:12-07:00,2,1
projects/projects.js,138,js,a9e6ae32,aarshiagupta,2025-05-02,20:34:12,-07:00,2025-05-02T20:34:12-07:00,0,0
projects/projects.js,139,js,a9e6ae32,aarshiagupta,2025-05-02,20:34:12,-07:00,2025-05-02T20:34:12-07:00,0,0
projects/projects.js,140,js,a9e6ae32,aarshiagupta,2025-05-02,20:34:12,-07:00,2025-05-02T20:34:12-07:00,0,0
projects/projects.js,141,js,a9e6ae32,aarshiagupta,2025-05-02,20:34:12,-07:00,2025-05-02T20:34:12-07:00,0,13
projects/projects.js,142,js,a9e6ae32,aarshiagupta,2025-05-02,20:34:12,-07:00,2025-05-02T20:34:12-07:00,0,55
projects/projects.js,143,js,a9e6ae32,aarshiagupta,2025-05-02,20:34:12,-07:00,2025-05-02T20:34:12-07:00,0,0
projects/projects.js,144,js,a9e6ae32,aarshiagupta,2025-05-02,20:34:12,-07:00,2025-05-02T20:34:12-07:00,0,18
projects/projects.js,145,js,58e4a1a1,aarshiagupta,2025-04-25,23:54:00,-07:00,2025-04-25T23:54:00-07:00,1,55
projects/projects.js,146,js,58e4a1a1,aarshiagupta,2025-04-25,23:54:00,-07:00,2025-04-25T23:54:00-07:00,0,0
projects/projects.js,147,js,58e4a1a1,aarshiagupta,2025-04-25,23:54:00,-07:00,2025-04-25T23:54:00-07:00,1,58
projects/projects.js,148,js,a9e6ae32,aarshiagupta,2025-05-02,20:34:12,-07:00,2025-05-02T20:34:12-07:00,1,52
projects/projects.js,149,js,58e4a1a1,aarshiagupta,2025-04-25,23:54:00,-07:00,2025-04-25T23:54:00-07:00,0,0
projects/projects.js,150,js,58e4a1a1,aarshiagupta,2025-04-25,23:54:00,-07:00,2025-04-25T23:54:00-07:00,1,60
projects/projects.js,151,js,58e4a1a1,aarshiagupta,2025-04-25,23:54:00,-07:00,2025-04-25T23:54:00-07:00,1,48
projects/projects.js,152,js,a9e6ae32,aarshiagupta,2025-05-02,20:34:12,-07:00,2025-05-02T20:34:12-07:00,1,23
projects/projects.js,153,js,a9e6ae32,aarshiagupta,2025-05-02,20:34:12,-07:00,2025-05-02T20:34:12-07:00,0,0
projects/projects.js,154,js,a9e6ae32,aarshiagupta,2025-05-02,20:34:12,-07:00,2025-05-02T20:34:12-07:00,1,48
projects/projects.js,155,js,a9e6ae32,aarshiagupta,2025-05-02,20:34:12,-07:00,2025-05-02T20:34:12-07:00,2,25
projects/projects.js,156,js,a9e6ae32,aarshiagupta,2025-05-02,20:34:12,-07:00,2025-05-02T20:34:12-07:00,2,51
projects/projects.js,157,js,a9e6ae32,aarshiagupta,2025-05-02,20:34:12,-07:00,2025-05-02T20:34:12-07:00,3,61
projects/projects.js,158,js,a9e6ae32,aarshiagupta,2025-05-02,20:34:12,-07:00,2025-05-02T20:34:12-07:00,3,42
projects/projects.js,159,js,a9e6ae32,aarshiagupta,2025-05-02,20:34:12,-07:00,2025-05-02T20:34:12-07:00,2,1
projects/projects.js,160,js,a9e6ae32,aarshiagupta,2025-05-02,20:34:12,-07:00,2025-05-02T20:34:12-07:00,0,0
projects/projects.js,161,js,a9e6ae32,aarshiagupta,2025-05-02,20:34:12,-07:00,2025-05-02T20:34:12-07:00,2,56
projects/projects.js,162,js,a9e6ae32,aarshiagupta,2025-05-02,20:34:12,-07:00,2025-05-02T20:34:12-07:00,2,31
projects/projects.js,163,js,a9e6ae32,aarshiagupta,2025-05-02,20:34:12,-07:00,2025-05-02T20:34:12-07:00,1,1
projects/projects.js,164,js,58e4a1a1,aarshiagupta,2025-04-25,23:54:00,-07:00,2025-04-25T23:54:00-07:00,0,3
projects/index.html,1,html,5e5061e7,aarshiagupta,2025-04-04,21:11:08,-07:00,2025-04-04T21:11:08-07:00,0,13
projects/index.html,2,html,5e5061e7,aarshiagupta,2025-04-04,21:11:08,-07:00,2025-04-04T21:11:08-07:00,0,14
projects/index.html,3,html,5e5061e7,aarshiagupta,2025-04-04,21:11:08,-07:00,2025-04-04T21:11:08-07:00,0,4
projects/index.html,4,html,a9e6ae32,aarshiagupta,2025-05-02,20:34:12,-07:00,2025-05-02T20:34:12-07:00,1,18
projects/index.html,5,html,58e4a1a1,aarshiagupta,2025-04-25,23:54:00,-07:00,2025-04-25T23:54:00-07:00,1,22
projects/index.html,6,html,58e4a1a1,aarshiagupta,2025-04-25,23:54:00,-07:00,2025-04-25T23:54:00-07:00,1,69
projects/index.html,7,html,58e4a1a1,aarshiagupta,2025-04-25,23:54:00,-07:00,2025-04-25T23:54:00-07:00,1,24
projects/index.html,8,html,58e4a1a1,aarshiagupta,2025-04-25,23:54:00,-07:00,2025-04-25T23:54:00-07:00,1,43
projects/index.html,9,html,5e5061e7,aarshiagupta,2025-04-04,21:11:08,-07:00,2025-04-04T21:11:08-07:00,0,5
projects/index.html,10,html,5e5061e7,aarshiagupta,2025-04-04,21:11:08,-07:00,2025-04-04T21:11:08-07:00,0,4
projects/index.html,11,html,a9e6ae32,aarshiagupta,2025-05-02,20:34:12,-07:00,2025-05-02T20:34:12-07:00,1,9
projects/index.html,12,html,58e4a1a1,aarshiagupta,2025-04-25,23:54:00,-07:00,2025-04-25T23:54:00-07:00,1,38
projects/index.html,13,html,f352602b,aarshiagupta,2025-04-18,18:46:29,-07:00,2025-04-18T18:46:29-07:00,0,0
projects/index.html,14,html,a9e6ae32,aarshiagupta,2025-05-02,20:34:12,-07:00,2025-05-02T20:34:12-07:00,0,21
projects/index.html,15,html,a9e6ae32,aarshiagupta,2025-05-02,20:34:12,-07:00,2025-05-02T20:34:12-07:00,1,58
projects/index.html,16,html,a9e6ae32,aarshiagupta,2025-05-02,20:34:12,-07:00,2025-05-02T20:34:12-07:00,1,22
projects/index.html,17,html,a9e6ae32,aarshiagupta,2025-05-02,20:34:12,-07:00,2025-05-02T20:34:12-07:00,0,4
projects/index.html,18,html,a9e6ae32,aarshiagupta,2025-05-02,20:34:12,-07:00,2025-05-02T20:34:12-07:00,0,0
projects/index.html,19,html,a9e6ae32,aarshiagupta,2025-05-02,20:34:12,-07:00,2025-05-02T20:34:12-07:00,0,4
projects/index.html,20,html,a9e6ae32,aarshiagupta,2025-05-02,20:34:12,-07:00,2025-05-02T20:34:12-07:00,1,15
projects/index.html,21,html,a9e6ae32,aarshiagupta,2025-05-02,20:34:12,-07:00,2025-05-02T20:34:12-07:00,1,11
projects/index.html,22,html,a9e6ae32,aarshiagupta,2025-05-02,20:34:12,-07:00,2025-05-02T20:34:12-07:00,1,26
projects/index.html,23,html,a9e6ae32,aarshiagupta,2025-05-02,20:34:12,-07:00,2025-05-02T20:34:12-07:00,1,31
projects/index.html,24,html,a9e6ae32,aarshiagupta,2025-05-02,20:34:12,-07:00,2025-05-02T20:34:12-07:00,0,0
projects/index.html,25,html,a9e6ae32,aarshiagupta,2025-05-02,20:34:12,-07:00,2025-05-02T20:34:12-07:00,0,0
projects/index.html,26,html,58e4a1a1,aarshiagupta,2025-04-25,23:54:00,-07:00,2025-04-25T23:54:00-07:00,1,26
projects/index.html,27,html,f352602b,aarshiagupta,2025-04-18,18:46:29,-07:00,2025-04-18T18:46:29-07:00,0,0
projects/index.html,28,html,a9e6ae32,aarshiagupta,2025-05-02,20:34:12,-07:00,2025-05-02T20:34:12-07:00,1,48
projects/index.html,29,html,a9e6ae32,aarshiagupta,2025-05-02,20:34:12,-07:00,2025-05-02T20:34:12-07:00,1,47
projects/index.html,30,html,d903d8cb,aarshiagupta,2025-04-11,19:25:46,-07:00,2025-04-11T19:25:46-07:00,0,0
projects/index.html,31,html,5e5061e7,aarshiagupta,2025-04-04,21:11:08,-07:00,2025-04-04T21:11:08-07:00,0,5
projects/index.html,32,html,58e4a1a1,aarshiagupta,2025-04-25,23:54:00,-07:00,2025-04-25T23:54:00-07:00,0,5
contact/index.html,1,html,5e5061e7,aarshiagupta,2025-04-04,21:11:08,-07:00,2025-04-04T21:11:08-07:00,0,13
contact/index.html,2,html,5e5061e7,aarshiagupta,2025-04-04,21:11:08,-07:00,2025-04-04T21:11:08-07:00,0,14
contact/index.html,3,html,5e5061e7,aarshiagupta,2025-04-04,21:11:08,-07:00,2025-04-04T21:11:08-07:00,0,4
contact/index.html,4,html,5e5061e7,aarshiagupta,2025-04-04,21:11:08,-07:00,2025-04-04T21:11:08-07:00,2,20
contact/index.html,5,html,5e5061e7,aarshiagupta,2025-04-04,21:11:08,-07:00,2025-04-04T21:11:08-07:00,2,68
contact/index.html,6,html,5e5061e7,aarshiagupta,2025-04-04,21:11:08,-07:00,2025-04-04T21:11:08-07:00,2,23
contact/index.html,7,html,d903d8cb,aarshiagupta,2025-04-11,19:25:46,-07:00,2025-04-11T19:25:46-07:00,2,41
contact/index.html,8,html,8f5c760e,aarshiagupta,2025-04-18,18:37:02,-07:00,2025-04-18T18:37:02-07:00,2,48
contact/index.html,9,html,5e5061e7,aarshiagupta,2025-04-04,21:11:08,-07:00,2025-04-04T21:11:08-07:00,0,5
contact/index.html,10,html,5e5061e7,aarshiagupta,2025-04-04,21:11:08,-07:00,2025-04-04T21:11:08-07:00,0,4
contact/index.html,11,html,8f5c760e,aarshiagupta,2025-04-18,18:37:02,-07:00,2025-04-18T18:37:02-07:00,0,0
contact/index.html,12,html,5e5061e7,aarshiagupta,2025-04-04,21:11:08,-07:00,2025-04-04T21:11:08-07:00,2,3
contact/index.html,13,html,5e5061e7,aarshiagupta,2025-04-04,21:11:08,-07:00,2025-04-04T21:11:08-07:00,2,4
contact/index.html,14,html,8f5c760e,aarshiagupta,2025-04-18,18:37:02,-07:00,2025-04-18T18:37:02-07:00,0,0
contact/index.html,15,html,5e5061e7,aarshiagupta,2025-04-04,21:11:08,-07:00,2025-04-04T21:11:08-07:00,2,15
contact/index.html,16,html,5e5061e7,aarshiagupta,2025-04-04,21:11:08,-07:00,2025-04-04T21:11:08-07:00,0,0
contact/index.html,17,html,8f5c760e,aarshiagupta,2025-04-18,18:37:02,-07:00,2025-04-18T18:37:02-07:00,2,54
contact/index.html,18,html,8f5c760e,aarshiagupta,2025-04-18,18:37:02,-07:00,2025-04-18T18:37:02-07:00,4,13
contact/index.html,19,html,8f5c760e,aarshiagupta,2025-04-18,18:37:02,-07:00,2025-04-18T18:37:02-07:00,5,43
contact/index.html,20,html,8f5c760e,aarshiagupta,2025-04-18,18:37:02,-07:00,2025-04-18T18:37:02-07:00,4,6
contact/index.html,21,html,8f5c760e,aarshiagupta,2025-04-18,18:37:02,-07:00,2025-04-18T18:37:02-07:00,4,10
contact/index.html,22,html,8f5c760e,aarshiagupta,2025-04-18,18:37:02,-07:00,2025-04-18T18:37:02-07:00,5,40
contact/index.html,23,html,8f5c760e,aarshiagupta,2025-04-18,18:37:02,-07:00,2025-04-18T18:37:02-07:00,4,6
contact/index.html,24,html,8f5c760e,aarshiagupta,2025-04-18,18:37:02,-07:00,2025-04-18T18:37:02-07:00,4,35
contact/index.html,25,html,5e5061e7,aarshiagupta,2025-04-04,21:11:08,-07:00,2025-04-04T21:11:08-07:00,3,5
contact/index.html,26,html,8f5c760e,aarshiagupta,2025-04-18,18:37:02,-07:00,2025-04-18T18:37:02-07:00,5,0
contact/index.html,27,html,5e5061e7,aarshiagupta,2025-04-04,21:11:08,-07:00,2025-04-04T21:11:08-07:00,0,5
contact/index.html,28,html,dc9fd3af,aarshiagupta,2025-04-18,18:49:38,-07:00,2025-04-18T18:49:38-07:00,0,5
